gusun_event_id,gusun_person_id,gusun_record_date,gusun_time_precision,gusun_event_type,gusun_office_or_status,gusun_career_state,policy_event_id,policy_episode_id,broad_domain,policy_title,policy_date_lunar,project_relevance,persistence_class,window_class,relative_order,nominal_month_offset,relationship,window_rule,evidence_status
E001,GUSUN_PRE1793,1777-09-11,EXACT_DAY,CAREER_APPOINTMENT,별군직,ACTIVE,JP001,TANGPYEONG,POLITICS_PERSONNEL,의리의 탕평,1776-05-16,MEDIUM,POINT_EVENT,PREVIOUS_YEAR,POLICY_BEFORE_EVENT,-16,CONTEMPORANEITY_ONLY (인과 주장 없음),"연도 필드 비교(same/prev/next year); ONGOING=이전에 시작한 지속 제도, 종료일 미기록",DERIVED (temporal alignment)
E001,GUSUN_PRE1793,1777-09-11,EXACT_DAY,CAREER_APPOINTMENT,별군직,ACTIVE,JP002,GYUJANGGAK,POLITICS_PERSONNEL,규장각 설치,1776-09-25,MEDIUM,PERSISTENT_INSTITUTIONAL_CONTEXT,PREVIOUS_YEAR,POLICY_BEFORE_EVENT,-12,CONTEMPORANEITY_ONLY (인과 주장 없음),"연도 필드 비교(same/prev/next year); ONGOING=이전에 시작한 지속 제도, 종료일 미기록",DERIVED (temporal alignment)
E001,GUSUN_PRE1793,1777-09-11,EXACT_DAY,CAREER_APPOINTMENT,별군직,ACTIVE,JP003,SEOEOL_HUTONG,SOCIAL_STATUS_PERSONNEL,정유절목 마련,1777-03-21,LOW,PERSISTENT_INSTITUTIONAL_CONTEXT,SAME_YEAR,POLICY_BEFORE_EVENT,-6,CONTEMPORANEITY_ONLY (인과 주장 없음),"연도 필드 비교(same/prev/next year); ONGOING=이전에 시작한 지속 제도, 종료일 미기록",DERIVED (temporal alignment)
E001,GUSUN_PRE1793,1777-09-11,EXACT_DAY,CAREER_APPOINTMENT,별군직,ACTIVE,JP004,HEUMHYUL,LEGAL_JUSTICE,『흠휼전칙』 성립,1778-01-12,HIGH,PERSISTENT_INSTITUTIONAL_CONTEXT,NEXT_YEAR,POLICY_AFTER_EVENT,4,CONTEMPORANEITY_ONLY (인과 주장 없음),"연도 필드 비교(same/prev/next year); ONGOING=이전에 시작한 지속 제도, 종료일 미기록",DERIVED (temporal alignment)
E002,GUSUN_PRE1793,1778-07-04,EXACT_DAY,CAREER_ACTIVITY,선전관,ACTIVE,JP002,GYUJANGGAK,POLITICS_PERSONNEL,규장각 설치,1776-09-25,MEDIUM,PERSISTENT_INSTITUTIONAL_CONTEXT,ONGOING_CONTEXT_STARTED_EARLIER,POLICY_BEFORE_EVENT,-22,CONTEMPORANEITY_ONLY (인과 주장 없음),"연도 필드 비교(same/prev/next year); ONGOING=이전에 시작한 지속 제도, 종료일 미기록",DERIVED (temporal alignment)
E002,GUSUN_PRE1793,1778-07-04,EXACT_DAY,CAREER_ACTIVITY,선전관,ACTIVE,JP003,SEOEOL_HUTONG,SOCIAL_STATUS_PERSONNEL,정유절목 마련,1777-03-21,LOW,PERSISTENT_INSTITUTIONAL_CONTEXT,PREVIOUS_YEAR,POLICY_BEFORE_EVENT,-16,CONTEMPORANEITY_ONLY (인과 주장 없음),"연도 필드 비교(same/prev/next year); ONGOING=이전에 시작한 지속 제도, 종료일 미기록",DERIVED (temporal alignment)
E002,GUSUN_PRE1793,1778-07-04,EXACT_DAY,CAREER_ACTIVITY,선전관,ACTIVE,JP004,HEUMHYUL,LEGAL_JUSTICE,『흠휼전칙』 성립,1778-01-12,HIGH,PERSISTENT_INSTITUTIONAL_CONTEXT,SAME_YEAR,POLICY_BEFORE_EVENT,-6,CONTEMPORANEITY_ONLY (인과 주장 없음),"연도 필드 비교(same/prev/next year); ONGOING=이전에 시작한 지속 제도, 종료일 미기록",DERIVED (temporal alignment)
E002,GUSUN_PRE1793,1778-07-04,EXACT_DAY,CAREER_ACTIVITY,선전관,ACTIVE,JP005,GYUJANGGAK,POLITICS_PERSONNEL,검서관 설치,1779-03-27,LOW,PERSISTENT_INSTITUTIONAL_CONTEXT,NEXT_YEAR,POLICY_AFTER_EVENT,8,CONTEMPORANEITY_ONLY (인과 주장 없음),"연도 필드 비교(same/prev/next year); ONGOING=이전에 시작한 지속 제도, 종료일 미기록",DERIVED (temporal alignment)
E003,GUSUN_PRE1793,1778-12-24,EXACT_DAY,CAREER_APPOINTMENT,중화부사,ACTIVE,JP002,GYUJANGGAK,POLITICS_PERSONNEL,규장각 설치,1776-09-25,MEDIUM,PERSISTENT_INSTITUTIONAL_CONTEXT,ONGOING_CONTEXT_STARTED_EARLIER,POLICY_BEFORE_EVENT,-27,CONTEMPORANEITY_ONLY (인과 주장 없음),"연도 필드 비교(same/prev/next year); ONGOING=이전에 시작한 지속 제도, 종료일 미기록",DERIVED (temporal alignment)
E003,GUSUN_PRE1793,1778-12-24,EXACT_DAY,CAREER_APPOINTMENT,중화부사,ACTIVE,JP003,SEOEOL_HUTONG,SOCIAL_STATUS_PERSONNEL,정유절목 마련,1777-03-21,LOW,PERSISTENT_INSTITUTIONAL_CONTEXT,PREVIOUS_YEAR,POLICY_BEFORE_EVENT,-21,CONTEMPORANEITY_ONLY (인과 주장 없음),"연도 필드 비교(same/prev/next year); ONGOING=이전에 시작한 지속 제도, 종료일 미기록",DERIVED (temporal alignment)
E003,GUSUN_PRE1793,1778-12-24,EXACT_DAY,CAREER_APPOINTMENT,중화부사,ACTIVE,JP004,HEUMHYUL,LEGAL_JUSTICE,『흠휼전칙』 성립,1778-01-12,HIGH,PERSISTENT_INSTITUTIONAL_CONTEXT,SAME_YEAR,POLICY_BEFORE_EVENT,-11,CONTEMPORANEITY_ONLY (인과 주장 없음),"연도 필드 비교(same/prev/next year); ONGOING=이전에 시작한 지속 제도, 종료일 미기록",DERIVED (temporal alignment)
E003,GUSUN_PRE1793,1778-12-24,EXACT_DAY,CAREER_APPOINTMENT,중화부사,ACTIVE,JP005,GYUJANGGAK,POLITICS_PERSONNEL,검서관 설치,1779-03-27,LOW,PERSISTENT_INSTITUTIONAL_CONTEXT,NEXT_YEAR,POLICY_AFTER_EVENT,3,CONTEMPORANEITY_ONLY (인과 주장 없음),"연도 필드 비교(same/prev/next year); ONGOING=이전에 시작한 지속 제도, 종료일 미기록",DERIVED (temporal alignment)
E004,GUSUN_PRE1793,1779-08-10,EXACT_DAY,CAREER_ACTIVITY,별군직,ACTIVE,JP002,GYUJANGGAK,POLITICS_PERSONNEL,규장각 설치,1776-09-25,MEDIUM,PERSISTENT_INSTITUTIONAL_CONTEXT,ONGOING_CONTEXT_STARTED_EARLIER,POLICY_BEFORE_EVENT,-35,CONTEMPORANEITY_ONLY (인과 주장 없음),"연도 필드 비교(same/prev/next year); ONGOING=이전에 시작한 지속 제도, 종료일 미기록",DERIVED (temporal alignment)
E004,GUSUN_PRE1793,1779-08-10,EXACT_DAY,CAREER_ACTIVITY,별군직,ACTIVE,JP003,SEOEOL_HUTONG,SOCIAL_STATUS_PERSONNEL,정유절목 마련,1777-03-21,LOW,PERSISTENT_INSTITUTIONAL_CONTEXT,ONGOING_CONTEXT_STARTED_EARLIER,POLICY_BEFORE_EVENT,-29,CONTEMPORANEITY_ONLY (인과 주장 없음),"연도 필드 비교(same/prev/next year); ONGOING=이전에 시작한 지속 제도, 종료일 미기록",DERIVED (temporal alignment)
E004,GUSUN_PRE1793,1779-08-10,EXACT_DAY,CAREER_ACTIVITY,별군직,ACTIVE,JP004,HEUMHYUL,LEGAL_JUSTICE,『흠휼전칙』 성립,1778-01-12,HIGH,PERSISTENT_INSTITUTIONAL_CONTEXT,PREVIOUS_YEAR,POLICY_BEFORE_EVENT,-19,CONTEMPORANEITY_ONLY (인과 주장 없음),"연도 필드 비교(same/prev/next year); ONGOING=이전에 시작한 지속 제도, 종료일 미기록",DERIVED (temporal alignment)
E004,GUSUN_PRE1793,1779-08-10,EXACT_DAY,CAREER_ACTIVITY,별군직,ACTIVE,JP005,GYUJANGGAK,POLITICS_PERSONNEL,검서관 설치,1779-03-27,LOW,PERSISTENT_INSTITUTIONAL_CONTEXT,SAME_YEAR,POLICY_BEFORE_EVENT,-5,CONTEMPORANEITY_ONLY (인과 주장 없음),"연도 필드 비교(same/prev/next year); ONGOING=이전에 시작한 지속 제도, 종료일 미기록",DERIVED (temporal alignment)
E005,GUSUN_PRE1793,1779-12-25,EXACT_DAY,CAREER_APPOINTMENT,벽동군수,ACTIVE,JP002,GYUJANGGAK,POLITICS_PERSONNEL,규장각 설치,1776-09-25,MEDIUM,PERSISTENT_INSTITUTIONAL_CONTEXT,ONGOING_CONTEXT_STARTED_EARLIER,POLICY_BEFORE_EVENT,-39,CONTEMPORANEITY_ONLY (인과 주장 없음),"연도 필드 비교(same/prev/next year); ONGOING=이전에 시작한 지속 제도, 종료일 미기록",DERIVED (temporal alignment)
E005,GUSUN_PRE1793,1779-12-25,EXACT_DAY,CAREER_APPOINTMENT,벽동군수,ACTIVE,JP003,SEOEOL_HUTONG,SOCIAL_STATUS_PERSONNEL,정유절목 마련,1777-03-21,LOW,PERSISTENT_INSTITUTIONAL_CONTEXT,ONGOING_CONTEXT_STARTED_EARLIER,POLICY_BEFORE_EVENT,-33,CONTEMPORANEITY_ONLY (인과 주장 없음),"연도 필드 비교(same/prev/next year); ONGOING=이전에 시작한 지속 제도, 종료일 미기록",DERIVED (temporal alignment)
E005,GUSUN_PRE1793,1779-12-25,EXACT_DAY,CAREER_APPOINTMENT,벽동군수,ACTIVE,JP004,HEUMHYUL,LEGAL_JUSTICE,『흠휼전칙』 성립,1778-01-12,HIGH,PERSISTENT_INSTITUTIONAL_CONTEXT,PREVIOUS_YEAR,POLICY_BEFORE_EVENT,-23,CONTEMPORANEITY_ONLY (인과 주장 없음),"연도 필드 비교(same/prev/next year); ONGOING=이전에 시작한 지속 제도, 종료일 미기록",DERIVED (temporal alignment)
E005,GUSUN_PRE1793,1779-12-25,EXACT_DAY,CAREER_APPOINTMENT,벽동군수,ACTIVE,JP005,GYUJANGGAK,POLITICS_PERSONNEL,검서관 설치,1779-03-27,LOW,PERSISTENT_INSTITUTIONAL_CONTEXT,SAME_YEAR,POLICY_BEFORE_EVENT,-9,CONTEMPORANEITY_ONLY (인과 주장 없음),"연도 필드 비교(same/prev/next year); ONGOING=이전에 시작한 지속 제도, 종료일 미기록",DERIVED (temporal alignment)
I004,GUSUN_PRE1793,1781-12,YEAR_MONTH,IDENTITY_BRIDGE_STATEMENT,백령첨사,ACTIVE,JP002,GYUJANGGAK,POLITICS_PERSONNEL,규장각 설치,1776-09-25,MEDIUM,PERSISTENT_INSTITUTIONAL_CONTEXT,ONGOING_CONTEXT_STARTED_EARLIER,POLICY_BEFORE_EVENT,-63,CONTEMPORANEITY_ONLY (인과 주장 없음),"연도 필드 비교(same/prev/next year); ONGOING=이전에 시작한 지속 제도, 종료일 미기록",DERIVED (temporal alignment)
I004,GUSUN_PRE1793,1781-12,YEAR_MONTH,IDENTITY_BRIDGE_STATEMENT,백령첨사,ACTIVE,JP003,SEOEOL_HUTONG,SOCIAL_STATUS_PERSONNEL,정유절목 마련,1777-03-21,LOW,PERSISTENT_INSTITUTIONAL_CONTEXT,ONGOING_CONTEXT_STARTED_EARLIER,POLICY_BEFORE_EVENT,-57,CONTEMPORANEITY_ONLY (인과 주장 없음),"연도 필드 비교(same/prev/next year); ONGOING=이전에 시작한 지속 제도, 종료일 미기록",DERIVED (temporal alignment)
I004,GUSUN_PRE1793,1781-12,YEAR_MONTH,IDENTITY_BRIDGE_STATEMENT,백령첨사,ACTIVE,JP004,HEUMHYUL,LEGAL_JUSTICE,『흠휼전칙』 성립,1778-01-12,HIGH,PERSISTENT_INSTITUTIONAL_CONTEXT,ONGOING_CONTEXT_STARTED_EARLIER,POLICY_BEFORE_EVENT,-47,CONTEMPORANEITY_ONLY (인과 주장 없음),"연도 필드 비교(same/prev/next year); ONGOING=이전에 시작한 지속 제도, 종료일 미기록",DERIVED (temporal alignment)
I004,GUSUN_PRE1793,1781-12,YEAR_MONTH,IDENTITY_BRIDGE_STATEMENT,백령첨사,ACTIVE,JP005,GYUJANGGAK,POLITICS_PERSONNEL,검서관 설치,1779-03-27,LOW,PERSISTENT_INSTITUTIONAL_CONTEXT,ONGOING_CONTEXT_STARTED_EARLIER,POLICY_BEFORE_EVENT,-33,CONTEMPORANEITY_ONLY (인과 주장 없음),"연도 필드 비교(same/prev/next year); ONGOING=이전에 시작한 지속 제도, 종료일 미기록",DERIVED (temporal alignment)
I004,GUSUN_PRE1793,1781-12,YEAR_MONTH,IDENTITY_BRIDGE_STATEMENT,백령첨사,ACTIVE,JP006,CHOGYE,POLITICS_PERSONNEL,초계문신 선발 지시,1781-02-17,LOW,PERSISTENT_INSTITUTIONAL_CONTEXT,SAME_YEAR,POLICY_BEFORE_EVENT,-10,CONTEMPORANEITY_ONLY (인과 주장 없음),"연도 필드 비교(same/prev/next year); ONGOING=이전에 시작한 지속 제도, 종료일 미기록",DERIVED (temporal alignment)
I004,GUSUN_PRE1793,1781-12,YEAR_MONTH,IDENTITY_BRIDGE_STATEMENT,백령첨사,ACTIVE,JP007,CHOGYE,POLITICS_PERSONNEL,강제절목 제정,1781-02-18,LOW,POINT_EVENT,SAME_YEAR,POLICY_BEFORE_EVENT,-10,CONTEMPORANEITY_ONLY (인과 주장 없음),"연도 필드 비교(same/prev/next year); ONGOING=이전에 시작한 지속 제도, 종료일 미기록",DERIVED (temporal alignment)
I004,GUSUN_PRE1793,1781-12,YEAR_MONTH,IDENTITY_BRIDGE_STATEMENT,백령첨사,ACTIVE,JP008,CHOGYE,POLITICS_PERSONNEL,추가 절목 반포,1781-03-10,LOW,POINT_EVENT,SAME_YEAR,POLICY_BEFORE_EVENT,-9,CONTEMPORANEITY_ONLY (인과 주장 없음),"연도 필드 비교(same/prev/next year); ONGOING=이전에 시작한 지속 제도, 종료일 미기록",DERIVED (temporal alignment)
E006,GUSUN_PRE1793,1782-12-29,EXACT_DAY,CAREER_APPOINTMENT,영흥부사,ACTIVE,JP002,GYUJANGGAK,POLITICS_PERSONNEL,규장각 설치,1776-09-25,MEDIUM,PERSISTENT_INSTITUTIONAL_CONTEXT,ONGOING_CONTEXT_STARTED_EARLIER,POLICY_BEFORE_EVENT,-75,CONTEMPORANEITY_ONLY (인과 주장 없음),"연도 필드 비교(same/prev/next year); ONGOING=이전에 시작한 지속 제도, 종료일 미기록",DERIVED (temporal alignment)
E006,GUSUN_PRE1793,1782-12-29,EXACT_DAY,CAREER_APPOINTMENT,영흥부사,ACTIVE,JP003,SEOEOL_HUTONG,SOCIAL_STATUS_PERSONNEL,정유절목 마련,1777-03-21,LOW,PERSISTENT_INSTITUTIONAL_CONTEXT,ONGOING_CONTEXT_STARTED_EARLIER,POLICY_BEFORE_EVENT,-69,CONTEMPORANEITY_ONLY (인과 주장 없음),"연도 필드 비교(same/prev/next year); ONGOING=이전에 시작한 지속 제도, 종료일 미기록",DERIVED (temporal alignment)
E006,GUSUN_PRE1793,1782-12-29,EXACT_DAY,CAREER_APPOINTMENT,영흥부사,ACTIVE,JP004,HEUMHYUL,LEGAL_JUSTICE,『흠휼전칙』 성립,1778-01-12,HIGH,PERSISTENT_INSTITUTIONAL_CONTEXT,ONGOING_CONTEXT_STARTED_EARLIER,POLICY_BEFORE_EVENT,-59,CONTEMPORANEITY_ONLY (인과 주장 없음),"연도 필드 비교(same/prev/next year); ONGOING=이전에 시작한 지속 제도, 종료일 미기록",DERIVED (temporal alignment)
E006,GUSUN_PRE1793,1782-12-29,EXACT_DAY,CAREER_APPOINTMENT,영흥부사,ACTIVE,JP005,GYUJANGGAK,POLITICS_PERSONNEL,검서관 설치,1779-03-27,LOW,PERSISTENT_INSTITUTIONAL_CONTEXT,ONGOING_CONTEXT_STARTED_EARLIER,POLICY_BEFORE_EVENT,-45,CONTEMPORANEITY_ONLY (인과 주장 없음),"연도 필드 비교(same/prev/next year); ONGOING=이전에 시작한 지속 제도, 종료일 미기록",DERIVED (temporal alignment)
E006,GUSUN_PRE1793,1782-12-29,EXACT_DAY,CAREER_APPOINTMENT,영흥부사,ACTIVE,JP006,CHOGYE,POLITICS_PERSONNEL,초계문신 선발 지시,1781-02-17,LOW,PERSISTENT_INSTITUTIONAL_CONTEXT,PREVIOUS_YEAR,POLICY_BEFORE_EVENT,-22,CONTEMPORANEITY_ONLY (인과 주장 없음),"연도 필드 비교(same/prev/next year); ONGOING=이전에 시작한 지속 제도, 종료일 미기록",DERIVED (temporal alignment)
E006,GUSUN_PRE1793,1782-12-29,EXACT_DAY,CAREER_APPOINTMENT,영흥부사,ACTIVE,JP007,CHOGYE,POLITICS_PERSONNEL,강제절목 제정,1781-02-18,LOW,POINT_EVENT,PREVIOUS_YEAR,POLICY_BEFORE_EVENT,-22,CONTEMPORANEITY_ONLY (인과 주장 없음),"연도 필드 비교(same/prev/next year); ONGOING=이전에 시작한 지속 제도, 종료일 미기록",DERIVED (temporal alignment)
E006,GUSUN_PRE1793,1782-12-29,EXACT_DAY,CAREER_APPOINTMENT,영흥부사,ACTIVE,JP008,CHOGYE,POLITICS_PERSONNEL,추가 절목 반포,1781-03-10,LOW,POINT_EVENT,PREVIOUS_YEAR,POLICY_BEFORE_EVENT,-21,CONTEMPORANEITY_ONLY (인과 주장 없음),"연도 필드 비교(same/prev/next year); ONGOING=이전에 시작한 지속 제도, 종료일 미기록",DERIVED (temporal alignment)
E007,GUSUN_PRE1793,1783-01-06,EXACT_DAY,CAREER_ACTIVITY,영흥부사,ACTIVE,JP002,GYUJANGGAK,POLITICS_PERSONNEL,규장각 설치,1776-09-25,MEDIUM,PERSISTENT_INSTITUTIONAL_CONTEXT,ONGOING_CONTEXT_STARTED_EARLIER,POLICY_BEFORE_EVENT,-76,CONTEMPORANEITY_ONLY (인과 주장 없음),"연도 필드 비교(same/prev/next year); ONGOING=이전에 시작한 지속 제도, 종료일 미기록",DERIVED (temporal alignment)
E007,GUSUN_PRE1793,1783-01-06,EXACT_DAY,CAREER_ACTIVITY,영흥부사,ACTIVE,JP003,SEOEOL_HUTONG,SOCIAL_STATUS_PERSONNEL,정유절목 마련,1777-03-21,LOW,PERSISTENT_INSTITUTIONAL_CONTEXT,ONGOING_CONTEXT_STARTED_EARLIER,POLICY_BEFORE_EVENT,-70,CONTEMPORANEITY_ONLY (인과 주장 없음),"연도 필드 비교(same/prev/next year); ONGOING=이전에 시작한 지속 제도, 종료일 미기록",DERIVED (temporal alignment)
E007,GUSUN_PRE1793,1783-01-06,EXACT_DAY,CAREER_ACTIVITY,영흥부사,ACTIVE,JP004,HEUMHYUL,LEGAL_JUSTICE,『흠휼전칙』 성립,1778-01-12,HIGH,PERSISTENT_INSTITUTIONAL_CONTEXT,ONGOING_CONTEXT_STARTED_EARLIER,POLICY_BEFORE_EVENT,-60,CONTEMPORANEITY_ONLY (인과 주장 없음),"연도 필드 비교(same/prev/next year); ONGOING=이전에 시작한 지속 제도, 종료일 미기록",DERIVED (temporal alignment)
E007,GUSUN_PRE1793,1783-01-06,EXACT_DAY,CAREER_ACTIVITY,영흥부사,ACTIVE,JP005,GYUJANGGAK,POLITICS_PERSONNEL,검서관 설치,1779-03-27,LOW,PERSISTENT_INSTITUTIONAL_CONTEXT,ONGOING_CONTEXT_STARTED_EARLIER,POLICY_BEFORE_EVENT,-46,CONTEMPORANEITY_ONLY (인과 주장 없음),"연도 필드 비교(same/prev/next year); ONGOING=이전에 시작한 지속 제도, 종료일 미기록",DERIVED (temporal alignment)
E007,GUSUN_PRE1793,1783-01-06,EXACT_DAY,CAREER_ACTIVITY,영흥부사,ACTIVE,JP006,CHOGYE,POLITICS_PERSONNEL,초계문신 선발 지시,1781-02-17,LOW,PERSISTENT_INSTITUTIONAL_CONTEXT,ONGOING_CONTEXT_STARTED_EARLIER,POLICY_BEFORE_EVENT,-23,CONTEMPORANEITY_ONLY (인과 주장 없음),"연도 필드 비교(same/prev/next year); ONGOING=이전에 시작한 지속 제도, 종료일 미기록",DERIVED (temporal alignment)
E009,GUSUN_PRE1793,1784-03-17,EXACT_DAY,ADMINISTRATIVE_CONFLICT,영흥부사,ACTIVE,JP002,GYUJANGGAK,POLITICS_PERSONNEL,규장각 설치,1776-09-25,MEDIUM,PERSISTENT_INSTITUTIONAL_CONTEXT,ONGOING_CONTEXT_STARTED_EARLIER,POLICY_BEFORE_EVENT,-90,CONTEMPORANEITY_ONLY (인과 주장 없음),"연도 필드 비교(same/prev/next year); ONGOING=이전에 시작한 지속 제도, 종료일 미기록",DERIVED (temporal alignment)
E009,GUSUN_PRE1793,1784-03-17,EXACT_DAY,ADMINISTRATIVE_CONFLICT,영흥부사,ACTIVE,JP003,SEOEOL_HUTONG,SOCIAL_STATUS_PERSONNEL,정유절목 마련,1777-03-21,LOW,PERSISTENT_INSTITUTIONAL_CONTEXT,ONGOING_CONTEXT_STARTED_EARLIER,POLICY_BEFORE_EVENT,-84,CONTEMPORANEITY_ONLY (인과 주장 없음),"연도 필드 비교(same/prev/next year); ONGOING=이전에 시작한 지속 제도, 종료일 미기록",DERIVED (temporal alignment)
E009,GUSUN_PRE1793,1784-03-17,EXACT_DAY,ADMINISTRATIVE_CONFLICT,영흥부사,ACTIVE,JP004,HEUMHYUL,LEGAL_JUSTICE,『흠휼전칙』 성립,1778-01-12,HIGH,PERSISTENT_INSTITUTIONAL_CONTEXT,ONGOING_CONTEXT_STARTED_EARLIER,POLICY_BEFORE_EVENT,-74,CONTEMPORANEITY_ONLY (인과 주장 없음),"연도 필드 비교(same/prev/next year); ONGOING=이전에 시작한 지속 제도, 종료일 미기록",DERIVED (temporal alignment)
E009,GUSUN_PRE1793,1784-03-17,EXACT_DAY,ADMINISTRATIVE_CONFLICT,영흥부사,ACTIVE,JP005,GYUJANGGAK,POLITICS_PERSONNEL,검서관 설치,1779-03-27,LOW,PERSISTENT_INSTITUTIONAL_CONTEXT,ONGOING_CONTEXT_STARTED_EARLIER,POLICY_BEFORE_EVENT,-60,CONTEMPORANEITY_ONLY (인과 주장 없음),"연도 필드 비교(same/prev/next year); ONGOING=이전에 시작한 지속 제도, 종료일 미기록",DERIVED (temporal alignment)
E009,GUSUN_PRE1793,1784-03-17,EXACT_DAY,ADMINISTRATIVE_CONFLICT,영흥부사,ACTIVE,JP006,CHOGYE,POLITICS_PERSONNEL,초계문신 선발 지시,1781-02-17,LOW,PERSISTENT_INSTITUTIONAL_CONTEXT,ONGOING_CONTEXT_STARTED_EARLIER,POLICY_BEFORE_EVENT,-37,CONTEMPORANEITY_ONLY (인과 주장 없음),"연도 필드 비교(same/prev/next year); ONGOING=이전에 시작한 지속 제도, 종료일 미기록",DERIVED (temporal alignment)
E009,GUSUN_PRE1793,1784-03-17,EXACT_DAY,ADMINISTRATIVE_CONFLICT,영흥부사,ACTIVE,JP009,SEOEOL_HUTONG,SOCIAL_STATUS_PERSONNEL,정유절목 재준행 명령,1785-02-17,LOW,POINT_EVENT,NEXT_YEAR,POLICY_AFTER_EVENT,11,CONTEMPORANEITY_ONLY (인과 주장 없음),"연도 필드 비교(same/prev/next year); ONGOING=이전에 시작한 지속 제도, 종료일 미기록",DERIVED (temporal alignment)
E009,GUSUN_PRE1793,1784-03-17,EXACT_DAY,ADMINISTRATIVE_CONFLICT,영흥부사,ACTIVE,JP010,DAEJEON_TONGPYEON,LEGAL_JUSTICE,『대전통편』 편찬 총재 임명,1785-02-24,HIGH,POINT_EVENT,NEXT_YEAR,POLICY_AFTER_EVENT,11,CONTEMPORANEITY_ONLY (인과 주장 없음),"연도 필드 비교(same/prev/next year); ONGOING=이전에 시작한 지속 제도, 종료일 미기록",DERIVED (temporal alignment)
E009,GUSUN_PRE1793,1784-03-17,EXACT_DAY,ADMINISTRATIVE_CONFLICT,영흥부사,ACTIVE,JP011,NOBI_ADMIN,SOCIAL_STATUS_PERSONNEL,추쇄 포상 관행 혁파,1785-07-02,LOW,POINT_EVENT,NEXT_YEAR,POLICY_AFTER_EVENT,16,CONTEMPORANEITY_ONLY (인과 주장 없음),"연도 필드 비교(same/prev/next year); ONGOING=이전에 시작한 지속 제도, 종료일 미기록",DERIVED (temporal alignment)
E009,GUSUN_PRE1793,1784-03-17,EXACT_DAY,ADMINISTRATIVE_CONFLICT,영흥부사,ACTIVE,JP012,JANGYONG,MILITARY_DEFENSE,장용위 명명,1785-07-02,MEDIUM,PERSISTENT_INSTITUTIONAL_CONTEXT,NEXT_YEAR,POLICY_AFTER_EVENT,16,CONTEMPORANEITY_ONLY (인과 주장 없음),"연도 필드 비교(same/prev/next year); ONGOING=이전에 시작한 지속 제도, 종료일 미기록",DERIVED (temporal alignment)
E009,GUSUN_PRE1793,1784-03-17,EXACT_DAY,ADMINISTRATIVE_CONFLICT,영흥부사,ACTIVE,JP013,DAEJEON_TONGPYEON,LEGAL_JUSTICE,『대전통편』 완성·반포,1785-09-11,HIGH,PERSISTENT_INSTITUTIONAL_CONTEXT,NEXT_YEAR,POLICY_AFTER_EVENT,18,CONTEMPORANEITY_ONLY (인과 주장 없음),"연도 필드 비교(same/prev/next year); ONGOING=이전에 시작한 지속 제도, 종료일 미기록",DERIVED (temporal alignment)
E010,GUSUN_PRE1793,1784-03-17,EXACT_DAY,ADMINISTRATIVE_CONFLICT,영흥부사,ACTIVE,JP002,GYUJANGGAK,POLITICS_PERSONNEL,규장각 설치,1776-09-25,MEDIUM,PERSISTENT_INSTITUTIONAL_CONTEXT,ONGOING_CONTEXT_STARTED_EARLIER,POLICY_BEFORE_EVENT,-90,CONTEMPORANEITY_ONLY (인과 주장 없음),"연도 필드 비교(same/prev/next year); ONGOING=이전에 시작한 지속 제도, 종료일 미기록",DERIVED (temporal alignment)
E010,GUSUN_PRE1793,1784-03-17,EXACT_DAY,ADMINISTRATIVE_CONFLICT,영흥부사,ACTIVE,JP003,SEOEOL_HUTONG,SOCIAL_STATUS_PERSONNEL,정유절목 마련,1777-03-21,LOW,PERSISTENT_INSTITUTIONAL_CONTEXT,ONGOING_CONTEXT_STARTED_EARLIER,POLICY_BEFORE_EVENT,-84,CONTEMPORANEITY_ONLY (인과 주장 없음),"연도 필드 비교(same/prev/next year); ONGOING=이전에 시작한 지속 제도, 종료일 미기록",DERIVED (temporal alignment)
E010,GUSUN_PRE1793,1784-03-17,EXACT_DAY,ADMINISTRATIVE_CONFLICT,영흥부사,ACTIVE,JP004,HEUMHYUL,LEGAL_JUSTICE,『흠휼전칙』 성립,1778-01-12,HIGH,PERSISTENT_INSTITUTIONAL_CONTEXT,ONGOING_CONTEXT_STARTED_EARLIER,POLICY_BEFORE_EVENT,-74,CONTEMPORANEITY_ONLY (인과 주장 없음),"연도 필드 비교(same/prev/next year); ONGOING=이전에 시작한 지속 제도, 종료일 미기록",DERIVED (temporal alignment)
E010,GUSUN_PRE1793,1784-03-17,EXACT_DAY,ADMINISTRATIVE_CONFLICT,영흥부사,ACTIVE,JP005,GYUJANGGAK,POLITICS_PERSONNEL,검서관 설치,1779-03-27,LOW,PERSISTENT_INSTITUTIONAL_CONTEXT,ONGOING_CONTEXT_STARTED_EARLIER,POLICY_BEFORE_EVENT,-60,CONTEMPORANEITY_ONLY (인과 주장 없음),"연도 필드 비교(same/prev/next year); ONGOING=이전에 시작한 지속 제도, 종료일 미기록",DERIVED (temporal alignment)
E010,GUSUN_PRE1793,1784-03-17,EXACT_DAY,ADMINISTRATIVE_CONFLICT,영흥부사,ACTIVE,JP006,CHOGYE,POLITICS_PERSONNEL,초계문신 선발 지시,1781-02-17,LOW,PERSISTENT_INSTITUTIONAL_CONTEXT,ONGOING_CONTEXT_STARTED_EARLIER,POLICY_BEFORE_EVENT,-37,CONTEMPORANEITY_ONLY (인과 주장 없음),"연도 필드 비교(same/prev/next year); ONGOING=이전에 시작한 지속 제도, 종료일 미기록",DERIVED (temporal alignment)
E010,GUSUN_PRE1793,1784-03-17,EXACT_DAY,ADMINISTRATIVE_CONFLICT,영흥부사,ACTIVE,JP009,SEOEOL_HUTONG,SOCIAL_STATUS_PERSONNEL,정유절목 재준행 명령,1785-02-17,LOW,POINT_EVENT,NEXT_YEAR,POLICY_AFTER_EVENT,11,CONTEMPORANEITY_ONLY (인과 주장 없음),"연도 필드 비교(same/prev/next year); ONGOING=이전에 시작한 지속 제도, 종료일 미기록",DERIVED (temporal alignment)
E010,GUSUN_PRE1793,1784-03-17,EXACT_DAY,ADMINISTRATIVE_CONFLICT,영흥부사,ACTIVE,JP010,DAEJEON_TONGPYEON,LEGAL_JUSTICE,『대전통편』 편찬 총재 임명,1785-02-24,HIGH,POINT_EVENT,NEXT_YEAR,POLICY_AFTER_EVENT,11,CONTEMPORANEITY_ONLY (인과 주장 없음),"연도 필드 비교(same/prev/next year); ONGOING=이전에 시작한 지속 제도, 종료일 미기록",DERIVED (temporal alignment)
E010,GUSUN_PRE1793,1784-03-17,EXACT_DAY,ADMINISTRATIVE_CONFLICT,영흥부사,ACTIVE,JP011,NOBI_ADMIN,SOCIAL_STATUS_PERSONNEL,추쇄 포상 관행 혁파,1785-07-02,LOW,POINT_EVENT,NEXT_YEAR,POLICY_AFTER_EVENT,16,CONTEMPORANEITY_ONLY (인과 주장 없음),"연도 필드 비교(same/prev/next year); ONGOING=이전에 시작한 지속 제도, 종료일 미기록",DERIVED (temporal alignment)
E010,GUSUN_PRE1793,1784-03-17,EXACT_DAY,ADMINISTRATIVE_CONFLICT,영흥부사,ACTIVE,JP012,JANGYONG,MILITARY_DEFENSE,장용위 명명,1785-07-02,MEDIUM,PERSISTENT_INSTITUTIONAL_CONTEXT,NEXT_YEAR,POLICY_AFTER_EVENT,16,CONTEMPORANEITY_ONLY (인과 주장 없음),"연도 필드 비교(same/prev/next year); ONGOING=이전에 시작한 지속 제도, 종료일 미기록",DERIVED (temporal alignment)
E010,GUSUN_PRE1793,1784-03-17,EXACT_DAY,ADMINISTRATIVE_CONFLICT,영흥부사,ACTIVE,JP013,DAEJEON_TONGPYEON,LEGAL_JUSTICE,『대전통편』 완성·반포,1785-09-11,HIGH,PERSISTENT_INSTITUTIONAL_CONTEXT,NEXT_YEAR,POLICY_AFTER_EVENT,18,CONTEMPORANEITY_ONLY (인과 주장 없음),"연도 필드 비교(same/prev/next year); ONGOING=이전에 시작한 지속 제도, 종료일 미기록",DERIVED (temporal alignment)
E011,GUSUN_PRE1793,1784-03-18,EXACT_DAY,JUDICIAL_PROCEDURE,영흥부사,UNDER_INVESTIGATION,JP002,GYUJANGGAK,POLITICS_PERSONNEL,규장각 설치,1776-09-25,MEDIUM,PERSISTENT_INSTITUTIONAL_CONTEXT,ONGOING_CONTEXT_STARTED_EARLIER,POLICY_BEFORE_EVENT,-90,CONTEMPORANEITY_ONLY (인과 주장 없음),"연도 필드 비교(same/prev/next year); ONGOING=이전에 시작한 지속 제도, 종료일 미기록",DERIVED (temporal alignment)
E011,GUSUN_PRE1793,1784-03-18,EXACT_DAY,JUDICIAL_PROCEDURE,영흥부사,UNDER_INVESTIGATION,JP003,SEOEOL_HUTONG,SOCIAL_STATUS_PERSONNEL,정유절목 마련,1777-03-21,LOW,PERSISTENT_INSTITUTIONAL_CONTEXT,ONGOING_CONTEXT_STARTED_EARLIER,POLICY_BEFORE_EVENT,-84,CONTEMPORANEITY_ONLY (인과 주장 없음),"연도 필드 비교(same/prev/next year); ONGOING=이전에 시작한 지속 제도, 종료일 미기록",DERIVED (temporal alignment)
E011,GUSUN_PRE1793,1784-03-18,EXACT_DAY,JUDICIAL_PROCEDURE,영흥부사,UNDER_INVESTIGATION,JP004,HEUMHYUL,LEGAL_JUSTICE,『흠휼전칙』 성립,1778-01-12,HIGH,PERSISTENT_INSTITUTIONAL_CONTEXT,ONGOING_CONTEXT_STARTED_EARLIER,POLICY_BEFORE_EVENT,-74,CONTEMPORANEITY_ONLY (인과 주장 없음),"연도 필드 비교(same/prev/next year); ONGOING=이전에 시작한 지속 제도, 종료일 미기록",DERIVED (temporal alignment)
E011,GUSUN_PRE1793,1784-03-18,EXACT_DAY,JUDICIAL_PROCEDURE,영흥부사,UNDER_INVESTIGATION,JP005,GYUJANGGAK,POLITICS_PERSONNEL,검서관 설치,1779-03-27,LOW,PERSISTENT_INSTITUTIONAL_CONTEXT,ONGOING_CONTEXT_STARTED_EARLIER,POLICY_BEFORE_EVENT,-60,CONTEMPORANEITY_ONLY (인과 주장 없음),"연도 필드 비교(same/prev/next year); ONGOING=이전에 시작한 지속 제도, 종료일 미기록",DERIVED (temporal alignment)
E011,GUSUN_PRE1793,1784-03-18,EXACT_DAY,JUDICIAL_PROCEDURE,영흥부사,UNDER_INVESTIGATION,JP006,CHOGYE,POLITICS_PERSONNEL,초계문신 선발 지시,1781-02-17,LOW,PERSISTENT_INSTITUTIONAL_CONTEXT,ONGOING_CONTEXT_STARTED_EARLIER,POLICY_BEFORE_EVENT,-37,CONTEMPORANEITY_ONLY (인과 주장 없음),"연도 필드 비교(same/prev/next year); ONGOING=이전에 시작한 지속 제도, 종료일 미기록",DERIVED (temporal alignment)
E011,GUSUN_PRE1793,1784-03-18,EXACT_DAY,JUDICIAL_PROCEDURE,영흥부사,UNDER_INVESTIGATION,JP009,SEOEOL_HUTONG,SOCIAL_STATUS_PERSONNEL,정유절목 재준행 명령,1785-02-17,LOW,POINT_EVENT,NEXT_YEAR,POLICY_AFTER_EVENT,11,CONTEMPORANEITY_ONLY (인과 주장 없음),"연도 필드 비교(same/prev/next year); ONGOING=이전에 시작한 지속 제도, 종료일 미기록",DERIVED (temporal alignment)
E011,GUSUN_PRE1793,1784-03-18,EXACT_DAY,JUDICIAL_PROCEDURE,영흥부사,UNDER_INVESTIGATION,JP010,DAEJEON_TONGPYEON,LEGAL_JUSTICE,『대전통편』 편찬 총재 임명,1785-02-24,HIGH,POINT_EVENT,NEXT_YEAR,POLICY_AFTER_EVENT,11,CONTEMPORANEITY_ONLY (인과 주장 없음),"연도 필드 비교(same/prev/next year); ONGOING=이전에 시작한 지속 제도, 종료일 미기록",DERIVED (temporal alignment)
E011,GUSUN_PRE1793,1784-03-18,EXACT_DAY,JUDICIAL_PROCEDURE,영흥부사,UNDER_INVESTIGATION,JP011,NOBI_ADMIN,SOCIAL_STATUS_PERSONNEL,추쇄 포상 관행 혁파,1785-07-02,LOW,POINT_EVENT,NEXT_YEAR,POLICY_AFTER_EVENT,16,CONTEMPORANEITY_ONLY (인과 주장 없음),"연도 필드 비교(same/prev/next year); ONGOING=이전에 시작한 지속 제도, 종료일 미기록",DERIVED (temporal alignment)
E011,GUSUN_PRE1793,1784-03-18,EXACT_DAY,JUDICIAL_PROCEDURE,영흥부사,UNDER_INVESTIGATION,JP012,JANGYONG,MILITARY_DEFENSE,장용위 명명,1785-07-02,MEDIUM,PERSISTENT_INSTITUTIONAL_CONTEXT,NEXT_YEAR,POLICY_AFTER_EVENT,16,CONTEMPORANEITY_ONLY (인과 주장 없음),"연도 필드 비교(same/prev/next year); ONGOING=이전에 시작한 지속 제도, 종료일 미기록",DERIVED (temporal alignment)
E011,GUSUN_PRE1793,1784-03-18,EXACT_DAY,JUDICIAL_PROCEDURE,영흥부사,UNDER_INVESTIGATION,JP013,DAEJEON_TONGPYEON,LEGAL_JUSTICE,『대전통편』 완성·반포,1785-09-11,HIGH,PERSISTENT_INSTITUTIONAL_CONTEXT,NEXT_YEAR,POLICY_AFTER_EVENT,18,CONTEMPORANEITY_ONLY (인과 주장 없음),"연도 필드 비교(same/prev/next year); ONGOING=이전에 시작한 지속 제도, 종료일 미기록",DERIVED (temporal alignment)
E012,GUSUN_PRE1793,1784-03-25,EXACT_DAY,ADMINISTRATIVE_SCRUTINY,영흥부사,ACTIVE,JP002,GYUJANGGAK,POLITICS_PERSONNEL,규장각 설치,1776-09-25,MEDIUM,PERSISTENT_INSTITUTIONAL_CONTEXT,ONGOING_CONTEXT_STARTED_EARLIER,POLICY_BEFORE_EVENT,-90,CONTEMPORANEITY_ONLY (인과 주장 없음),"연도 필드 비교(same/prev/next year); ONGOING=이전에 시작한 지속 제도, 종료일 미기록",DERIVED (temporal alignment)
E012,GUSUN_PRE1793,1784-03-25,EXACT_DAY,ADMINISTRATIVE_SCRUTINY,영흥부사,ACTIVE,JP003,SEOEOL_HUTONG,SOCIAL_STATUS_PERSONNEL,정유절목 마련,1777-03-21,LOW,PERSISTENT_INSTITUTIONAL_CONTEXT,ONGOING_CONTEXT_STARTED_EARLIER,POLICY_BEFORE_EVENT,-84,CONTEMPORANEITY_ONLY (인과 주장 없음),"연도 필드 비교(same/prev/next year); ONGOING=이전에 시작한 지속 제도, 종료일 미기록",DERIVED (temporal alignment)
E012,GUSUN_PRE1793,1784-03-25,EXACT_DAY,ADMINISTRATIVE_SCRUTINY,영흥부사,ACTIVE,JP004,HEUMHYUL,LEGAL_JUSTICE,『흠휼전칙』 성립,1778-01-12,HIGH,PERSISTENT_INSTITUTIONAL_CONTEXT,ONGOING_CONTEXT_STARTED_EARLIER,POLICY_BEFORE_EVENT,-74,CONTEMPORANEITY_ONLY (인과 주장 없음),"연도 필드 비교(same/prev/next year); ONGOING=이전에 시작한 지속 제도, 종료일 미기록",DERIVED (temporal alignment)
E012,GUSUN_PRE1793,1784-03-25,EXACT_DAY,ADMINISTRATIVE_SCRUTINY,영흥부사,ACTIVE,JP005,GYUJANGGAK,POLITICS_PERSONNEL,검서관 설치,1779-03-27,LOW,PERSISTENT_INSTITUTIONAL_CONTEXT,ONGOING_CONTEXT_STARTED_EARLIER,POLICY_BEFORE_EVENT,-60,CONTEMPORANEITY_ONLY (인과 주장 없음),"연도 필드 비교(same/prev/next year); ONGOING=이전에 시작한 지속 제도, 종료일 미기록",DERIVED (temporal alignment)
E012,GUSUN_PRE1793,1784-03-25,EXACT_DAY,ADMINISTRATIVE_SCRUTINY,영흥부사,ACTIVE,JP006,CHOGYE,POLITICS_PERSONNEL,초계문신 선발 지시,1781-02-17,LOW,PERSISTENT_INSTITUTIONAL_CONTEXT,ONGOING_CONTEXT_STARTED_EARLIER,POLICY_BEFORE_EVENT,-37,CONTEMPORANEITY_ONLY (인과 주장 없음),"연도 필드 비교(same/prev/next year); ONGOING=이전에 시작한 지속 제도, 종료일 미기록",DERIVED (temporal alignment)
E012,GUSUN_PRE1793,1784-03-25,EXACT_DAY,ADMINISTRATIVE_SCRUTINY,영흥부사,ACTIVE,JP009,SEOEOL_HUTONG,SOCIAL_STATUS_PERSONNEL,정유절목 재준행 명령,1785-02-17,LOW,POINT_EVENT,NEXT_YEAR,POLICY_AFTER_EVENT,11,CONTEMPORANEITY_ONLY (인과 주장 없음),"연도 필드 비교(same/prev/next year); ONGOING=이전에 시작한 지속 제도, 종료일 미기록",DERIVED (temporal alignment)
E012,GUSUN_PRE1793,1784-03-25,EXACT_DAY,ADMINISTRATIVE_SCRUTINY,영흥부사,ACTIVE,JP010,DAEJEON_TONGPYEON,LEGAL_JUSTICE,『대전통편』 편찬 총재 임명,1785-02-24,HIGH,POINT_EVENT,NEXT_YEAR,POLICY_AFTER_EVENT,11,CONTEMPORANEITY_ONLY (인과 주장 없음),"연도 필드 비교(same/prev/next year); ONGOING=이전에 시작한 지속 제도, 종료일 미기록",DERIVED (temporal alignment)
E012,GUSUN_PRE1793,1784-03-25,EXACT_DAY,ADMINISTRATIVE_SCRUTINY,영흥부사,ACTIVE,JP011,NOBI_ADMIN,SOCIAL_STATUS_PERSONNEL,추쇄 포상 관행 혁파,1785-07-02,LOW,POINT_EVENT,NEXT_YEAR,POLICY_AFTER_EVENT,16,CONTEMPORANEITY_ONLY (인과 주장 없음),"연도 필드 비교(same/prev/next year); ONGOING=이전에 시작한 지속 제도, 종료일 미기록",DERIVED (temporal alignment)
E012,GUSUN_PRE1793,1784-03-25,EXACT_DAY,ADMINISTRATIVE_SCRUTINY,영흥부사,ACTIVE,JP012,JANGYONG,MILITARY_DEFENSE,장용위 명명,1785-07-02,MEDIUM,PERSISTENT_INSTITUTIONAL_CONTEXT,NEXT_YEAR,POLICY_AFTER_EVENT,16,CONTEMPORANEITY_ONLY (인과 주장 없음),"연도 필드 비교(same/prev/next year); ONGOING=이전에 시작한 지속 제도, 종료일 미기록",DERIVED (temporal alignment)
E012,GUSUN_PRE1793,1784-03-25,EXACT_DAY,ADMINISTRATIVE_SCRUTINY,영흥부사,ACTIVE,JP013,DAEJEON_TONGPYEON,LEGAL_JUSTICE,『대전통편』 완성·반포,1785-09-11,HIGH,PERSISTENT_INSTITUTIONAL_CONTEXT,NEXT_YEAR,POLICY_AFTER_EVENT,18,CONTEMPORANEITY_ONLY (인과 주장 없음),"연도 필드 비교(same/prev/next year); ONGOING=이전에 시작한 지속 제도, 종료일 미기록",DERIVED (temporal alignment)
E013,GUSUN_PRE1793,1784-03-25,EXACT_DAY,ADMINISTRATIVE_SCRUTINY,영흥부사,ACTIVE,JP002,GYUJANGGAK,POLITICS_PERSONNEL,규장각 설치,1776-09-25,MEDIUM,PERSISTENT_INSTITUTIONAL_CONTEXT,ONGOING_CONTEXT_STARTED_EARLIER,POLICY_BEFORE_EVENT,-90,CONTEMPORANEITY_ONLY (인과 주장 없음),"연도 필드 비교(same/prev/next year); ONGOING=이전에 시작한 지속 제도, 종료일 미기록",DERIVED (temporal alignment)
E013,GUSUN_PRE1793,1784-03-25,EXACT_DAY,ADMINISTRATIVE_SCRUTINY,영흥부사,ACTIVE,JP003,SEOEOL_HUTONG,SOCIAL_STATUS_PERSONNEL,정유절목 마련,1777-03-21,LOW,PERSISTENT_INSTITUTIONAL_CONTEXT,ONGOING_CONTEXT_STARTED_EARLIER,POLICY_BEFORE_EVENT,-84,CONTEMPORANEITY_ONLY (인과 주장 없음),"연도 필드 비교(same/prev/next year); ONGOING=이전에 시작한 지속 제도, 종료일 미기록",DERIVED (temporal alignment)
E013,GUSUN_PRE1793,1784-03-25,EXACT_DAY,ADMINISTRATIVE_SCRUTINY,영흥부사,ACTIVE,JP004,HEUMHYUL,LEGAL_JUSTICE,『흠휼전칙』 성립,1778-01-12,HIGH,PERSISTENT_INSTITUTIONAL_CONTEXT,ONGOING_CONTEXT_STARTED_EARLIER,POLICY_BEFORE_EVENT,-74,CONTEMPORANEITY_ONLY (인과 주장 없음),"연도 필드 비교(same/prev/next year); ONGOING=이전에 시작한 지속 제도, 종료일 미기록",DERIVED (temporal alignment)
E013,GUSUN_PRE1793,1784-03-25,EXACT_DAY,ADMINISTRATIVE_SCRUTINY,영흥부사,ACTIVE,JP005,GYUJANGGAK,POLITICS_PERSONNEL,검서관 설치,1779-03-27,LOW,PERSISTENT_INSTITUTIONAL_CONTEXT,ONGOING_CONTEXT_STARTED_EARLIER,POLICY_BEFORE_EVENT,-60,CONTEMPORANEITY_ONLY (인과 주장 없음),"연도 필드 비교(same/prev/next year); ONGOING=이전에 시작한 지속 제도, 종료일 미기록",DERIVED (temporal alignment)
E013,GUSUN_PRE1793,1784-03-25,EXACT_DAY,ADMINISTRATIVE_SCRUTINY,영흥부사,ACTIVE,JP006,CHOGYE,POLITICS_PERSONNEL,초계문신 선발 지시,1781-02-17,LOW,PERSISTENT_INSTITUTIONAL_CONTEXT,ONGOING_CONTEXT_STARTED_EARLIER,POLICY_BEFORE_EVENT,-37,CONTEMPORANEITY_ONLY (인과 주장 없음),"연도 필드 비교(same/prev/next year); ONGOING=이전에 시작한 지속 제도, 종료일 미기록",DERIVED (temporal alignment)
E013,GUSUN_PRE1793,1784-03-25,EXACT_DAY,ADMINISTRATIVE_SCRUTINY,영흥부사,ACTIVE,JP009,SEOEOL_HUTONG,SOCIAL_STATUS_PERSONNEL,정유절목 재준행 명령,1785-02-17,LOW,POINT_EVENT,NEXT_YEAR,POLICY_AFTER_EVENT,11,CONTEMPORANEITY_ONLY (인과 주장 없음),"연도 필드 비교(same/prev/next year); ONGOING=이전에 시작한 지속 제도, 종료일 미기록",DERIVED (temporal alignment)
E013,GUSUN_PRE1793,1784-03-25,EXACT_DAY,ADMINISTRATIVE_SCRUTINY,영흥부사,ACTIVE,JP010,DAEJEON_TONGPYEON,LEGAL_JUSTICE,『대전통편』 편찬 총재 임명,1785-02-24,HIGH,POINT_EVENT,NEXT_YEAR,POLICY_AFTER_EVENT,11,CONTEMPORANEITY_ONLY (인과 주장 없음),"연도 필드 비교(same/prev/next year); ONGOING=이전에 시작한 지속 제도, 종료일 미기록",DERIVED (temporal alignment)
E013,GUSUN_PRE1793,1784-03-25,EXACT_DAY,ADMINISTRATIVE_SCRUTINY,영흥부사,ACTIVE,JP011,NOBI_ADMIN,SOCIAL_STATUS_PERSONNEL,추쇄 포상 관행 혁파,1785-07-02,LOW,POINT_EVENT,NEXT_YEAR,POLICY_AFTER_EVENT,16,CONTEMPORANEITY_ONLY (인과 주장 없음),"연도 필드 비교(same/prev/next year); ONGOING=이전에 시작한 지속 제도, 종료일 미기록",DERIVED (temporal alignment)
E013,GUSUN_PRE1793,1784-03-25,EXACT_DAY,ADMINISTRATIVE_SCRUTINY,영흥부사,ACTIVE,JP012,JANGYONG,MILITARY_DEFENSE,장용위 명명,1785-07-02,MEDIUM,PERSISTENT_INSTITUTIONAL_CONTEXT,NEXT_YEAR,POLICY_AFTER_EVENT,16,CONTEMPORANEITY_ONLY (인과 주장 없음),"연도 필드 비교(same/prev/next year); ONGOING=이전에 시작한 지속 제도, 종료일 미기록",DERIVED (temporal alignment)
E013,GUSUN_PRE1793,1784-03-25,EXACT_DAY,ADMINISTRATIVE_SCRUTINY,영흥부사,ACTIVE,JP013,DAEJEON_TONGPYEON,LEGAL_JUSTICE,『대전통편』 완성·반포,1785-09-11,HIGH,PERSISTENT_INSTITUTIONAL_CONTEXT,NEXT_YEAR,POLICY_AFTER_EVENT,18,CONTEMPORANEITY_ONLY (인과 주장 없음),"연도 필드 비교(same/prev/next year); ONGOING=이전에 시작한 지속 제도, 종료일 미기록",DERIVED (temporal alignment)
E014,GUSUN_PRE1793,1784-03-25,EXACT_DAY,ADMINISTRATIVE_SCRUTINY,영흥부사,ACTIVE,JP002,GYUJANGGAK,POLITICS_PERSONNEL,규장각 설치,1776-09-25,MEDIUM,PERSISTENT_INSTITUTIONAL_CONTEXT,ONGOING_CONTEXT_STARTED_EARLIER,POLICY_BEFORE_EVENT,-90,CONTEMPORANEITY_ONLY (인과 주장 없음),"연도 필드 비교(same/prev/next year); ONGOING=이전에 시작한 지속 제도, 종료일 미기록",DERIVED (temporal alignment)
E014,GUSUN_PRE1793,1784-03-25,EXACT_DAY,ADMINISTRATIVE_SCRUTINY,영흥부사,ACTIVE,JP003,SEOEOL_HUTONG,SOCIAL_STATUS_PERSONNEL,정유절목 마련,1777-03-21,LOW,PERSISTENT_INSTITUTIONAL_CONTEXT,ONGOING_CONTEXT_STARTED_EARLIER,POLICY_BEFORE_EVENT,-84,CONTEMPORANEITY_ONLY (인과 주장 없음),"연도 필드 비교(same/prev/next year); ONGOING=이전에 시작한 지속 제도, 종료일 미기록",DERIVED (temporal alignment)
E014,GUSUN_PRE1793,1784-03-25,EXACT_DAY,ADMINISTRATIVE_SCRUTINY,영흥부사,ACTIVE,JP004,HEUMHYUL,LEGAL_JUSTICE,『흠휼전칙』 성립,1778-01-12,HIGH,PERSISTENT_INSTITUTIONAL_CONTEXT,ONGOING_CONTEXT_STARTED_EARLIER,POLICY_BEFORE_EVENT,-74,CONTEMPORANEITY_ONLY (인과 주장 없음),"연도 필드 비교(same/prev/next year); ONGOING=이전에 시작한 지속 제도, 종료일 미기록",DERIVED (temporal alignment)
E014,GUSUN_PRE1793,1784-03-25,EXACT_DAY,ADMINISTRATIVE_SCRUTINY,영흥부사,ACTIVE,JP005,GYUJANGGAK,POLITICS_PERSONNEL,검서관 설치,1779-03-27,LOW,PERSISTENT_INSTITUTIONAL_CONTEXT,ONGOING_CONTEXT_STARTED_EARLIER,POLICY_BEFORE_EVENT,-60,CONTEMPORANEITY_ONLY (인과 주장 없음),"연도 필드 비교(same/prev/next year); ONGOING=이전에 시작한 지속 제도, 종료일 미기록",DERIVED (temporal alignment)
E014,GUSUN_PRE1793,1784-03-25,EXACT_DAY,ADMINISTRATIVE_SCRUTINY,영흥부사,ACTIVE,JP006,CHOGYE,POLITICS_PERSONNEL,초계문신 선발 지시,1781-02-17,LOW,PERSISTENT_INSTITUTIONAL_CONTEXT,ONGOING_CONTEXT_STARTED_EARLIER,POLICY_BEFORE_EVENT,-37,CONTEMPORANEITY_ONLY (인과 주장 없음),"연도 필드 비교(same/prev/next year); ONGOING=이전에 시작한 지속 제도, 종료일 미기록",DERIVED (temporal alignment)
E014,GUSUN_PRE1793,1784-03-25,EXACT_DAY,ADMINISTRATIVE_SCRUTINY,영흥부사,ACTIVE,JP009,SEOEOL_HUTONG,SOCIAL_STATUS_PERSONNEL,정유절목 재준행 명령,1785-02-17,LOW,POINT_EVENT,NEXT_YEAR,POLICY_AFTER_EVENT,11,CONTEMPORANEITY_ONLY (인과 주장 없음),"연도 필드 비교(same/prev/next year); ONGOING=이전에 시작한 지속 제도, 종료일 미기록",DERIVED (temporal alignment)
E014,GUSUN_PRE1793,1784-03-25,EXACT_DAY,ADMINISTRATIVE_SCRUTINY,영흥부사,ACTIVE,JP010,DAEJEON_TONGPYEON,LEGAL_JUSTICE,『대전통편』 편찬 총재 임명,1785-02-24,HIGH,POINT_EVENT,NEXT_YEAR,POLICY_AFTER_EVENT,11,CONTEMPORANEITY_ONLY (인과 주장 없음),"연도 필드 비교(same/prev/next year); ONGOING=이전에 시작한 지속 제도, 종료일 미기록",DERIVED (temporal alignment)
E014,GUSUN_PRE1793,1784-03-25,EXACT_DAY,ADMINISTRATIVE_SCRUTINY,영흥부사,ACTIVE,JP011,NOBI_ADMIN,SOCIAL_STATUS_PERSONNEL,추쇄 포상 관행 혁파,1785-07-02,LOW,POINT_EVENT,NEXT_YEAR,POLICY_AFTER_EVENT,16,CONTEMPORANEITY_ONLY (인과 주장 없음),"연도 필드 비교(same/prev/next year); ONGOING=이전에 시작한 지속 제도, 종료일 미기록",DERIVED (temporal alignment)
E014,GUSUN_PRE1793,1784-03-25,EXACT_DAY,ADMINISTRATIVE_SCRUTINY,영흥부사,ACTIVE,JP012,JANGYONG,MILITARY_DEFENSE,장용위 명명,1785-07-02,MEDIUM,PERSISTENT_INSTITUTIONAL_CONTEXT,NEXT_YEAR,POLICY_AFTER_EVENT,16,CONTEMPORANEITY_ONLY (인과 주장 없음),"연도 필드 비교(same/prev/next year); ONGOING=이전에 시작한 지속 제도, 종료일 미기록",DERIVED (temporal alignment)
E014,GUSUN_PRE1793,1784-03-25,EXACT_DAY,ADMINISTRATIVE_SCRUTINY,영흥부사,ACTIVE,JP013,DAEJEON_TONGPYEON,LEGAL_JUSTICE,『대전통편』 완성·반포,1785-09-11,HIGH,PERSISTENT_INSTITUTIONAL_CONTEXT,NEXT_YEAR,POLICY_AFTER_EVENT,18,CONTEMPORANEITY_ONLY (인과 주장 없음),"연도 필드 비교(same/prev/next year); ONGOING=이전에 시작한 지속 제도, 종료일 미기록",DERIVED (temporal alignment)
E015,GUSUN_PRE1793,1784-04-30,EXACT_DAY,JUDICIAL_PROCEDURE,영흥부사(겸영장),UNDER_INVESTIGATION,JP002,GYUJANGGAK,POLITICS_PERSONNEL,규장각 설치,1776-09-25,MEDIUM,PERSISTENT_INSTITUTIONAL_CONTEXT,ONGOING_CONTEXT_STARTED_EARLIER,POLICY_BEFORE_EVENT,-91,CONTEMPORANEITY_ONLY (인과 주장 없음),"연도 필드 비교(same/prev/next year); ONGOING=이전에 시작한 지속 제도, 종료일 미기록",DERIVED (temporal alignment)
E015,GUSUN_PRE1793,1784-04-30,EXACT_DAY,JUDICIAL_PROCEDURE,영흥부사(겸영장),UNDER_INVESTIGATION,JP003,SEOEOL_HUTONG,SOCIAL_STATUS_PERSONNEL,정유절목 마련,1777-03-21,LOW,PERSISTENT_INSTITUTIONAL_CONTEXT,ONGOING_CONTEXT_STARTED_EARLIER,POLICY_BEFORE_EVENT,-85,CONTEMPORANEITY_ONLY (인과 주장 없음),"연도 필드 비교(same/prev/next year); ONGOING=이전에 시작한 지속 제도, 종료일 미기록",DERIVED (temporal alignment)
E015,GUSUN_PRE1793,1784-04-30,EXACT_DAY,JUDICIAL_PROCEDURE,영흥부사(겸영장),UNDER_INVESTIGATION,JP004,HEUMHYUL,LEGAL_JUSTICE,『흠휼전칙』 성립,1778-01-12,HIGH,PERSISTENT_INSTITUTIONAL_CONTEXT,ONGOING_CONTEXT_STARTED_EARLIER,POLICY_BEFORE_EVENT,-75,CONTEMPORANEITY_ONLY (인과 주장 없음),"연도 필드 비교(same/prev/next year); ONGOING=이전에 시작한 지속 제도, 종료일 미기록",DERIVED (temporal alignment)
E015,GUSUN_PRE1793,1784-04-30,EXACT_DAY,JUDICIAL_PROCEDURE,영흥부사(겸영장),UNDER_INVESTIGATION,JP005,GYUJANGGAK,POLITICS_PERSONNEL,검서관 설치,1779-03-27,LOW,PERSISTENT_INSTITUTIONAL_CONTEXT,ONGOING_CONTEXT_STARTED_EARLIER,POLICY_BEFORE_EVENT,-61,CONTEMPORANEITY_ONLY (인과 주장 없음),"연도 필드 비교(same/prev/next year); ONGOING=이전에 시작한 지속 제도, 종료일 미기록",DERIVED (temporal alignment)
E015,GUSUN_PRE1793,1784-04-30,EXACT_DAY,JUDICIAL_PROCEDURE,영흥부사(겸영장),UNDER_INVESTIGATION,JP006,CHOGYE,POLITICS_PERSONNEL,초계문신 선발 지시,1781-02-17,LOW,PERSISTENT_INSTITUTIONAL_CONTEXT,ONGOING_CONTEXT_STARTED_EARLIER,POLICY_BEFORE_EVENT,-38,CONTEMPORANEITY_ONLY (인과 주장 없음),"연도 필드 비교(same/prev/next year); ONGOING=이전에 시작한 지속 제도, 종료일 미기록",DERIVED (temporal alignment)
E015,GUSUN_PRE1793,1784-04-30,EXACT_DAY,JUDICIAL_PROCEDURE,영흥부사(겸영장),UNDER_INVESTIGATION,JP009,SEOEOL_HUTONG,SOCIAL_STATUS_PERSONNEL,정유절목 재준행 명령,1785-02-17,LOW,POINT_EVENT,NEXT_YEAR,POLICY_AFTER_EVENT,10,CONTEMPORANEITY_ONLY (인과 주장 없음),"연도 필드 비교(same/prev/next year); ONGOING=이전에 시작한 지속 제도, 종료일 미기록",DERIVED (temporal alignment)
E015,GUSUN_PRE1793,1784-04-30,EXACT_DAY,JUDICIAL_PROCEDURE,영흥부사(겸영장),UNDER_INVESTIGATION,JP010,DAEJEON_TONGPYEON,LEGAL_JUSTICE,『대전통편』 편찬 총재 임명,1785-02-24,HIGH,POINT_EVENT,NEXT_YEAR,POLICY_AFTER_EVENT,10,CONTEMPORANEITY_ONLY (인과 주장 없음),"연도 필드 비교(same/prev/next year); ONGOING=이전에 시작한 지속 제도, 종료일 미기록",DERIVED (temporal alignment)
E015,GUSUN_PRE1793,1784-04-30,EXACT_DAY,JUDICIAL_PROCEDURE,영흥부사(겸영장),UNDER_INVESTIGATION,JP011,NOBI_ADMIN,SOCIAL_STATUS_PERSONNEL,추쇄 포상 관행 혁파,1785-07-02,LOW,POINT_EVENT,NEXT_YEAR,POLICY_AFTER_EVENT,15,CONTEMPORANEITY_ONLY (인과 주장 없음),"연도 필드 비교(same/prev/next year); ONGOING=이전에 시작한 지속 제도, 종료일 미기록",DERIVED (temporal alignment)
E015,GUSUN_PRE1793,1784-04-30,EXACT_DAY,JUDICIAL_PROCEDURE,영흥부사(겸영장),UNDER_INVESTIGATION,JP012,JANGYONG,MILITARY_DEFENSE,장용위 명명,1785-07-02,MEDIUM,PERSISTENT_INSTITUTIONAL_CONTEXT,NEXT_YEAR,POLICY_AFTER_EVENT,15,CONTEMPORANEITY_ONLY (인과 주장 없음),"연도 필드 비교(same/prev/next year); ONGOING=이전에 시작한 지속 제도, 종료일 미기록",DERIVED (temporal alignment)
E015,GUSUN_PRE1793,1784-04-30,EXACT_DAY,JUDICIAL_PROCEDURE,영흥부사(겸영장),UNDER_INVESTIGATION,JP013,DAEJEON_TONGPYEON,LEGAL_JUSTICE,『대전통편』 완성·반포,1785-09-11,HIGH,PERSISTENT_INSTITUTIONAL_CONTEXT,NEXT_YEAR,POLICY_AFTER_EVENT,17,CONTEMPORANEITY_ONLY (인과 주장 없음),"연도 필드 비교(same/prev/next year); ONGOING=이전에 시작한 지속 제도, 종료일 미기록",DERIVED (temporal alignment)
E016,GUSUN_PRE1793,1784-07-16,EXACT_DAY,CAREER_REWARD,영흥부사,UNDER_INVESTIGATION,JP002,GYUJANGGAK,POLITICS_PERSONNEL,규장각 설치,1776-09-25,MEDIUM,PERSISTENT_INSTITUTIONAL_CONTEXT,ONGOING_CONTEXT_STARTED_EARLIER,POLICY_BEFORE_EVENT,-94,CONTEMPORANEITY_ONLY (인과 주장 없음),"연도 필드 비교(same/prev/next year); ONGOING=이전에 시작한 지속 제도, 종료일 미기록",DERIVED (temporal alignment)
E016,GUSUN_PRE1793,1784-07-16,EXACT_DAY,CAREER_REWARD,영흥부사,UNDER_INVESTIGATION,JP003,SEOEOL_HUTONG,SOCIAL_STATUS_PERSONNEL,정유절목 마련,1777-03-21,LOW,PERSISTENT_INSTITUTIONAL_CONTEXT,ONGOING_CONTEXT_STARTED_EARLIER,POLICY_BEFORE_EVENT,-88,CONTEMPORANEITY_ONLY (인과 주장 없음),"연도 필드 비교(same/prev/next year); ONGOING=이전에 시작한 지속 제도, 종료일 미기록",DERIVED (temporal alignment)
E016,GUSUN_PRE1793,1784-07-16,EXACT_DAY,CAREER_REWARD,영흥부사,UNDER_INVESTIGATION,JP004,HEUMHYUL,LEGAL_JUSTICE,『흠휼전칙』 성립,1778-01-12,HIGH,PERSISTENT_INSTITUTIONAL_CONTEXT,ONGOING_CONTEXT_STARTED_EARLIER,POLICY_BEFORE_EVENT,-78,CONTEMPORANEITY_ONLY (인과 주장 없음),"연도 필드 비교(same/prev/next year); ONGOING=이전에 시작한 지속 제도, 종료일 미기록",DERIVED (temporal alignment)
E016,GUSUN_PRE1793,1784-07-16,EXACT_DAY,CAREER_REWARD,영흥부사,UNDER_INVESTIGATION,JP005,GYUJANGGAK,POLITICS_PERSONNEL,검서관 설치,1779-03-27,LOW,PERSISTENT_INSTITUTIONAL_CONTEXT,ONGOING_CONTEXT_STARTED_EARLIER,POLICY_BEFORE_EVENT,-64,CONTEMPORANEITY_ONLY (인과 주장 없음),"연도 필드 비교(same/prev/next year); ONGOING=이전에 시작한 지속 제도, 종료일 미기록",DERIVED (temporal alignment)
E016,GUSUN_PRE1793,1784-07-16,EXACT_DAY,CAREER_REWARD,영흥부사,UNDER_INVESTIGATION,JP006,CHOGYE,POLITICS_PERSONNEL,초계문신 선발 지시,1781-02-17,LOW,PERSISTENT_INSTITUTIONAL_CONTEXT,ONGOING_CONTEXT_STARTED_EARLIER,POLICY_BEFORE_EVENT,-41,CONTEMPORANEITY_ONLY (인과 주장 없음),"연도 필드 비교(same/prev/next year); ONGOING=이전에 시작한 지속 제도, 종료일 미기록",DERIVED (temporal alignment)
E016,GUSUN_PRE1793,1784-07-16,EXACT_DAY,CAREER_REWARD,영흥부사,UNDER_INVESTIGATION,JP009,SEOEOL_HUTONG,SOCIAL_STATUS_PERSONNEL,정유절목 재준행 명령,1785-02-17,LOW,POINT_EVENT,NEXT_YEAR,POLICY_AFTER_EVENT,7,CONTEMPORANEITY_ONLY (인과 주장 없음),"연도 필드 비교(same/prev/next year); ONGOING=이전에 시작한 지속 제도, 종료일 미기록",DERIVED (temporal alignment)
E016,GUSUN_PRE1793,1784-07-16,EXACT_DAY,CAREER_REWARD,영흥부사,UNDER_INVESTIGATION,JP010,DAEJEON_TONGPYEON,LEGAL_JUSTICE,『대전통편』 편찬 총재 임명,1785-02-24,HIGH,POINT_EVENT,NEXT_YEAR,POLICY_AFTER_EVENT,7,CONTEMPORANEITY_ONLY (인과 주장 없음),"연도 필드 비교(same/prev/next year); ONGOING=이전에 시작한 지속 제도, 종료일 미기록",DERIVED (temporal alignment)
E016,GUSUN_PRE1793,1784-07-16,EXACT_DAY,CAREER_REWARD,영흥부사,UNDER_INVESTIGATION,JP011,NOBI_ADMIN,SOCIAL_STATUS_PERSONNEL,추쇄 포상 관행 혁파,1785-07-02,LOW,POINT_EVENT,NEXT_YEAR,POLICY_AFTER_EVENT,12,CONTEMPORANEITY_ONLY (인과 주장 없음),"연도 필드 비교(same/prev/next year); ONGOING=이전에 시작한 지속 제도, 종료일 미기록",DERIVED (temporal alignment)
E016,GUSUN_PRE1793,1784-07-16,EXACT_DAY,CAREER_REWARD,영흥부사,UNDER_INVESTIGATION,JP012,JANGYONG,MILITARY_DEFENSE,장용위 명명,1785-07-02,MEDIUM,PERSISTENT_INSTITUTIONAL_CONTEXT,NEXT_YEAR,POLICY_AFTER_EVENT,12,CONTEMPORANEITY_ONLY (인과 주장 없음),"연도 필드 비교(same/prev/next year); ONGOING=이전에 시작한 지속 제도, 종료일 미기록",DERIVED (temporal alignment)
E016,GUSUN_PRE1793,1784-07-16,EXACT_DAY,CAREER_REWARD,영흥부사,UNDER_INVESTIGATION,JP013,DAEJEON_TONGPYEON,LEGAL_JUSTICE,『대전통편』 완성·반포,1785-09-11,HIGH,PERSISTENT_INSTITUTIONAL_CONTEXT,NEXT_YEAR,POLICY_AFTER_EVENT,14,CONTEMPORANEITY_ONLY (인과 주장 없음),"연도 필드 비교(same/prev/next year); ONGOING=이전에 시작한 지속 제도, 종료일 미기록",DERIVED (temporal alignment)
E017,GUSUN_PRE1793,1784-09-23,EXACT_DAY,PUNISHMENT_SENTENCE,별군직,ACTIVE,JP002,GYUJANGGAK,POLITICS_PERSONNEL,규장각 설치,1776-09-25,MEDIUM,PERSISTENT_INSTITUTIONAL_CONTEXT,ONGOING_CONTEXT_STARTED_EARLIER,POLICY_BEFORE_EVENT,-96,CONTEMPORANEITY_ONLY (인과 주장 없음),"연도 필드 비교(same/prev/next year); ONGOING=이전에 시작한 지속 제도, 종료일 미기록",DERIVED (temporal alignment)
E017,GUSUN_PRE1793,1784-09-23,EXACT_DAY,PUNISHMENT_SENTENCE,별군직,ACTIVE,JP003,SEOEOL_HUTONG,SOCIAL_STATUS_PERSONNEL,정유절목 마련,1777-03-21,LOW,PERSISTENT_INSTITUTIONAL_CONTEXT,ONGOING_CONTEXT_STARTED_EARLIER,POLICY_BEFORE_EVENT,-90,CONTEMPORANEITY_ONLY (인과 주장 없음),"연도 필드 비교(same/prev/next year); ONGOING=이전에 시작한 지속 제도, 종료일 미기록",DERIVED (temporal alignment)
E017,GUSUN_PRE1793,1784-09-23,EXACT_DAY,PUNISHMENT_SENTENCE,별군직,ACTIVE,JP004,HEUMHYUL,LEGAL_JUSTICE,『흠휼전칙』 성립,1778-01-12,HIGH,PERSISTENT_INSTITUTIONAL_CONTEXT,ONGOING_CONTEXT_STARTED_EARLIER,POLICY_BEFORE_EVENT,-80,CONTEMPORANEITY_ONLY (인과 주장 없음),"연도 필드 비교(same/prev/next year); ONGOING=이전에 시작한 지속 제도, 종료일 미기록",DERIVED (temporal alignment)
E017,GUSUN_PRE1793,1784-09-23,EXACT_DAY,PUNISHMENT_SENTENCE,별군직,ACTIVE,JP005,GYUJANGGAK,POLITICS_PERSONNEL,검서관 설치,1779-03-27,LOW,PERSISTENT_INSTITUTIONAL_CONTEXT,ONGOING_CONTEXT_STARTED_EARLIER,POLICY_BEFORE_EVENT,-66,CONTEMPORANEITY_ONLY (인과 주장 없음),"연도 필드 비교(same/prev/next year); ONGOING=이전에 시작한 지속 제도, 종료일 미기록",DERIVED (temporal alignment)
E017,GUSUN_PRE1793,1784-09-23,EXACT_DAY,PUNISHMENT_SENTENCE,별군직,ACTIVE,JP006,CHOGYE,POLITICS_PERSONNEL,초계문신 선발 지시,1781-02-17,LOW,PERSISTENT_INSTITUTIONAL_CONTEXT,ONGOING_CONTEXT_STARTED_EARLIER,POLICY_BEFORE_EVENT,-43,CONTEMPORANEITY_ONLY (인과 주장 없음),"연도 필드 비교(same/prev/next year); ONGOING=이전에 시작한 지속 제도, 종료일 미기록",DERIVED (temporal alignment)
E017,GUSUN_PRE1793,1784-09-23,EXACT_DAY,PUNISHMENT_SENTENCE,별군직,ACTIVE,JP009,SEOEOL_HUTONG,SOCIAL_STATUS_PERSONNEL,정유절목 재준행 명령,1785-02-17,LOW,POINT_EVENT,NEXT_YEAR,POLICY_AFTER_EVENT,5,CONTEMPORANEITY_ONLY (인과 주장 없음),"연도 필드 비교(same/prev/next year); ONGOING=이전에 시작한 지속 제도, 종료일 미기록",DERIVED (temporal alignment)
E017,GUSUN_PRE1793,1784-09-23,EXACT_DAY,PUNISHMENT_SENTENCE,별군직,ACTIVE,JP010,DAEJEON_TONGPYEON,LEGAL_JUSTICE,『대전통편』 편찬 총재 임명,1785-02-24,HIGH,POINT_EVENT,NEXT_YEAR,POLICY_AFTER_EVENT,5,CONTEMPORANEITY_ONLY (인과 주장 없음),"연도 필드 비교(same/prev/next year); ONGOING=이전에 시작한 지속 제도, 종료일 미기록",DERIVED (temporal alignment)
E017,GUSUN_PRE1793,1784-09-23,EXACT_DAY,PUNISHMENT_SENTENCE,별군직,ACTIVE,JP011,NOBI_ADMIN,SOCIAL_STATUS_PERSONNEL,추쇄 포상 관행 혁파,1785-07-02,LOW,POINT_EVENT,NEXT_YEAR,POLICY_AFTER_EVENT,10,CONTEMPORANEITY_ONLY (인과 주장 없음),"연도 필드 비교(same/prev/next year); ONGOING=이전에 시작한 지속 제도, 종료일 미기록",DERIVED (temporal alignment)
E017,GUSUN_PRE1793,1784-09-23,EXACT_DAY,PUNISHMENT_SENTENCE,별군직,ACTIVE,JP012,JANGYONG,MILITARY_DEFENSE,장용위 명명,1785-07-02,MEDIUM,PERSISTENT_INSTITUTIONAL_CONTEXT,NEXT_YEAR,POLICY_AFTER_EVENT,10,CONTEMPORANEITY_ONLY (인과 주장 없음),"연도 필드 비교(same/prev/next year); ONGOING=이전에 시작한 지속 제도, 종료일 미기록",DERIVED (temporal alignment)
E017,GUSUN_PRE1793,1784-09-23,EXACT_DAY,PUNISHMENT_SENTENCE,별군직,ACTIVE,JP013,DAEJEON_TONGPYEON,LEGAL_JUSTICE,『대전통편』 완성·반포,1785-09-11,HIGH,PERSISTENT_INSTITUTIONAL_CONTEXT,NEXT_YEAR,POLICY_AFTER_EVENT,12,CONTEMPORANEITY_ONLY (인과 주장 없음),"연도 필드 비교(same/prev/next year); ONGOING=이전에 시작한 지속 제도, 종료일 미기록",DERIVED (temporal alignment)
E019,GUSUN_PRE1793,1787-01-03,EXACT_DAY,INTERPERSONAL_CONFLICT,별군직,ACTIVE,JP002,GYUJANGGAK,POLITICS_PERSONNEL,규장각 설치,1776-09-25,MEDIUM,PERSISTENT_INSTITUTIONAL_CONTEXT,ONGOING_CONTEXT_STARTED_EARLIER,POLICY_BEFORE_EVENT,-124,CONTEMPORANEITY_ONLY (인과 주장 없음),"연도 필드 비교(same/prev/next year); ONGOING=이전에 시작한 지속 제도, 종료일 미기록",DERIVED (temporal alignment)
E019,GUSUN_PRE1793,1787-01-03,EXACT_DAY,INTERPERSONAL_CONFLICT,별군직,ACTIVE,JP003,SEOEOL_HUTONG,SOCIAL_STATUS_PERSONNEL,정유절목 마련,1777-03-21,LOW,PERSISTENT_INSTITUTIONAL_CONTEXT,ONGOING_CONTEXT_STARTED_EARLIER,POLICY_BEFORE_EVENT,-118,CONTEMPORANEITY_ONLY (인과 주장 없음),"연도 필드 비교(same/prev/next year); ONGOING=이전에 시작한 지속 제도, 종료일 미기록",DERIVED (temporal alignment)
E019,GUSUN_PRE1793,1787-01-03,EXACT_DAY,INTERPERSONAL_CONFLICT,별군직,ACTIVE,JP004,HEUMHYUL,LEGAL_JUSTICE,『흠휼전칙』 성립,1778-01-12,HIGH,PERSISTENT_INSTITUTIONAL_CONTEXT,ONGOING_CONTEXT_STARTED_EARLIER,POLICY_BEFORE_EVENT,-108,CONTEMPORANEITY_ONLY (인과 주장 없음),"연도 필드 비교(same/prev/next year); ONGOING=이전에 시작한 지속 제도, 종료일 미기록",DERIVED (temporal alignment)
E019,GUSUN_PRE1793,1787-01-03,EXACT_DAY,INTERPERSONAL_CONFLICT,별군직,ACTIVE,JP005,GYUJANGGAK,POLITICS_PERSONNEL,검서관 설치,1779-03-27,LOW,PERSISTENT_INSTITUTIONAL_CONTEXT,ONGOING_CONTEXT_STARTED_EARLIER,POLICY_BEFORE_EVENT,-94,CONTEMPORANEITY_ONLY (인과 주장 없음),"연도 필드 비교(same/prev/next year); ONGOING=이전에 시작한 지속 제도, 종료일 미기록",DERIVED (temporal alignment)
E019,GUSUN_PRE1793,1787-01-03,EXACT_DAY,INTERPERSONAL_CONFLICT,별군직,ACTIVE,JP006,CHOGYE,POLITICS_PERSONNEL,초계문신 선발 지시,1781-02-17,LOW,PERSISTENT_INSTITUTIONAL_CONTEXT,ONGOING_CONTEXT_STARTED_EARLIER,POLICY_BEFORE_EVENT,-71,CONTEMPORANEITY_ONLY (인과 주장 없음),"연도 필드 비교(same/prev/next year); ONGOING=이전에 시작한 지속 제도, 종료일 미기록",DERIVED (temporal alignment)
E019,GUSUN_PRE1793,1787-01-03,EXACT_DAY,INTERPERSONAL_CONFLICT,별군직,ACTIVE,JP012,JANGYONG,MILITARY_DEFENSE,장용위 명명,1785-07-02,MEDIUM,PERSISTENT_INSTITUTIONAL_CONTEXT,ONGOING_CONTEXT_STARTED_EARLIER,POLICY_BEFORE_EVENT,-18,CONTEMPORANEITY_ONLY (인과 주장 없음),"연도 필드 비교(same/prev/next year); ONGOING=이전에 시작한 지속 제도, 종료일 미기록",DERIVED (temporal alignment)
E019,GUSUN_PRE1793,1787-01-03,EXACT_DAY,INTERPERSONAL_CONFLICT,별군직,ACTIVE,JP013,DAEJEON_TONGPYEON,LEGAL_JUSTICE,『대전통편』 완성·반포,1785-09-11,HIGH,PERSISTENT_INSTITUTIONAL_CONTEXT,ONGOING_CONTEXT_STARTED_EARLIER,POLICY_BEFORE_EVENT,-16,CONTEMPORANEITY_ONLY (인과 주장 없음),"연도 필드 비교(same/prev/next year); ONGOING=이전에 시작한 지속 제도, 종료일 미기록",DERIVED (temporal alignment)
E019,GUSUN_PRE1793,1787-01-03,EXACT_DAY,INTERPERSONAL_CONFLICT,별군직,ACTIVE,JP014,NOBI_ADMIN,SOCIAL_STATUS_PERSONNEL,노비 추쇄 폐단 재신칙,1786-11-03,LOW,POINT_EVENT,PREVIOUS_YEAR,POLICY_BEFORE_EVENT,-2,CONTEMPORANEITY_ONLY (인과 주장 없음),"연도 필드 비교(same/prev/next year); ONGOING=이전에 시작한 지속 제도, 종료일 미기록",DERIVED (temporal alignment)
E019,GUSUN_PRE1793,1787-01-03,EXACT_DAY,INTERPERSONAL_CONFLICT,별군직,ACTIVE,JP015,JANGYONG,MILITARY_DEFENSE,장용영 군안 정비·병력 이속,1788-01-22,MEDIUM,POINT_EVENT,NEXT_YEAR,POLICY_AFTER_EVENT,12,CONTEMPORANEITY_ONLY (인과 주장 없음),"연도 필드 비교(same/prev/next year); ONGOING=이전에 시작한 지속 제도, 종료일 미기록",DERIVED (temporal alignment)
E019,GUSUN_PRE1793,1787-01-03,EXACT_DAY,INTERPERSONAL_CONFLICT,별군직,ACTIVE,JP016,TANGPYEONG,POLITICS_PERSONNEL,채제공 우의정 임명,1788-02-11,LOW,POINT_EVENT,NEXT_YEAR,POLICY_AFTER_EVENT,13,CONTEMPORANEITY_ONLY (인과 주장 없음),"연도 필드 비교(same/prev/next year); ONGOING=이전에 시작한 지속 제도, 종료일 미기록",DERIVED (temporal alignment)
E020,GUSUN_PRE1793,1787-01-03,EXACT_DAY,ACCUSATION_ACT,별군직,ACTIVE,JP002,GYUJANGGAK,POLITICS_PERSONNEL,규장각 설치,1776-09-25,MEDIUM,PERSISTENT_INSTITUTIONAL_CONTEXT,ONGOING_CONTEXT_STARTED_EARLIER,POLICY_BEFORE_EVENT,-124,CONTEMPORANEITY_ONLY (인과 주장 없음),"연도 필드 비교(same/prev/next year); ONGOING=이전에 시작한 지속 제도, 종료일 미기록",DERIVED (temporal alignment)
E020,GUSUN_PRE1793,1787-01-03,EXACT_DAY,ACCUSATION_ACT,별군직,ACTIVE,JP003,SEOEOL_HUTONG,SOCIAL_STATUS_PERSONNEL,정유절목 마련,1777-03-21,LOW,PERSISTENT_INSTITUTIONAL_CONTEXT,ONGOING_CONTEXT_STARTED_EARLIER,POLICY_BEFORE_EVENT,-118,CONTEMPORANEITY_ONLY (인과 주장 없음),"연도 필드 비교(same/prev/next year); ONGOING=이전에 시작한 지속 제도, 종료일 미기록",DERIVED (temporal alignment)
E020,GUSUN_PRE1793,1787-01-03,EXACT_DAY,ACCUSATION_ACT,별군직,ACTIVE,JP004,HEUMHYUL,LEGAL_JUSTICE,『흠휼전칙』 성립,1778-01-12,HIGH,PERSISTENT_INSTITUTIONAL_CONTEXT,ONGOING_CONTEXT_STARTED_EARLIER,POLICY_BEFORE_EVENT,-108,CONTEMPORANEITY_ONLY (인과 주장 없음),"연도 필드 비교(same/prev/next year); ONGOING=이전에 시작한 지속 제도, 종료일 미기록",DERIVED (temporal alignment)
E020,GUSUN_PRE1793,1787-01-03,EXACT_DAY,ACCUSATION_ACT,별군직,ACTIVE,JP005,GYUJANGGAK,POLITICS_PERSONNEL,검서관 설치,1779-03-27,LOW,PERSISTENT_INSTITUTIONAL_CONTEXT,ONGOING_CONTEXT_STARTED_EARLIER,POLICY_BEFORE_EVENT,-94,CONTEMPORANEITY_ONLY (인과 주장 없음),"연도 필드 비교(same/prev/next year); ONGOING=이전에 시작한 지속 제도, 종료일 미기록",DERIVED (temporal alignment)
E020,GUSUN_PRE1793,1787-01-03,EXACT_DAY,ACCUSATION_ACT,별군직,ACTIVE,JP006,CHOGYE,POLITICS_PERSONNEL,초계문신 선발 지시,1781-02-17,LOW,PERSISTENT_INSTITUTIONAL_CONTEXT,ONGOING_CONTEXT_STARTED_EARLIER,POLICY_BEFORE_EVENT,-71,CONTEMPORANEITY_ONLY (인과 주장 없음),"연도 필드 비교(same/prev/next year); ONGOING=이전에 시작한 지속 제도, 종료일 미기록",DERIVED (temporal alignment)
E020,GUSUN_PRE1793,1787-01-03,EXACT_DAY,ACCUSATION_ACT,별군직,ACTIVE,JP012,JANGYONG,MILITARY_DEFENSE,장용위 명명,1785-07-02,MEDIUM,PERSISTENT_INSTITUTIONAL_CONTEXT,ONGOING_CONTEXT_STARTED_EARLIER,POLICY_BEFORE_EVENT,-18,CONTEMPORANEITY_ONLY (인과 주장 없음),"연도 필드 비교(same/prev/next year); ONGOING=이전에 시작한 지속 제도, 종료일 미기록",DERIVED (temporal alignment)
E020,GUSUN_PRE1793,1787-01-03,EXACT_DAY,ACCUSATION_ACT,별군직,ACTIVE,JP013,DAEJEON_TONGPYEON,LEGAL_JUSTICE,『대전통편』 완성·반포,1785-09-11,HIGH,PERSISTENT_INSTITUTIONAL_CONTEXT,ONGOING_CONTEXT_STARTED_EARLIER,POLICY_BEFORE_EVENT,-16,CONTEMPORANEITY_ONLY (인과 주장 없음),"연도 필드 비교(same/prev/next year); ONGOING=이전에 시작한 지속 제도, 종료일 미기록",DERIVED (temporal alignment)
E020,GUSUN_PRE1793,1787-01-03,EXACT_DAY,ACCUSATION_ACT,별군직,ACTIVE,JP014,NOBI_ADMIN,SOCIAL_STATUS_PERSONNEL,노비 추쇄 폐단 재신칙,1786-11-03,LOW,POINT_EVENT,PREVIOUS_YEAR,POLICY_BEFORE_EVENT,-2,CONTEMPORANEITY_ONLY (인과 주장 없음),"연도 필드 비교(same/prev/next year); ONGOING=이전에 시작한 지속 제도, 종료일 미기록",DERIVED (temporal alignment)
E020,GUSUN_PRE1793,1787-01-03,EXACT_DAY,ACCUSATION_ACT,별군직,ACTIVE,JP015,JANGYONG,MILITARY_DEFENSE,장용영 군안 정비·병력 이속,1788-01-22,MEDIUM,POINT_EVENT,NEXT_YEAR,POLICY_AFTER_EVENT,12,CONTEMPORANEITY_ONLY (인과 주장 없음),"연도 필드 비교(same/prev/next year); ONGOING=이전에 시작한 지속 제도, 종료일 미기록",DERIVED (temporal alignment)
E020,GUSUN_PRE1793,1787-01-03,EXACT_DAY,ACCUSATION_ACT,별군직,ACTIVE,JP016,TANGPYEONG,POLITICS_PERSONNEL,채제공 우의정 임명,1788-02-11,LOW,POINT_EVENT,NEXT_YEAR,POLICY_AFTER_EVENT,13,CONTEMPORANEITY_ONLY (인과 주장 없음),"연도 필드 비교(same/prev/next year); ONGOING=이전에 시작한 지속 제도, 종료일 미기록",DERIVED (temporal alignment)
E021,GUSUN_PRE1793,1787-01-03,EXACT_DAY,ACCUSATION_ACT,별군직,ACTIVE,JP002,GYUJANGGAK,POLITICS_PERSONNEL,규장각 설치,1776-09-25,MEDIUM,PERSISTENT_INSTITUTIONAL_CONTEXT,ONGOING_CONTEXT_STARTED_EARLIER,POLICY_BEFORE_EVENT,-124,CONTEMPORANEITY_ONLY (인과 주장 없음),"연도 필드 비교(same/prev/next year); ONGOING=이전에 시작한 지속 제도, 종료일 미기록",DERIVED (temporal alignment)
E021,GUSUN_PRE1793,1787-01-03,EXACT_DAY,ACCUSATION_ACT,별군직,ACTIVE,JP003,SEOEOL_HUTONG,SOCIAL_STATUS_PERSONNEL,정유절목 마련,1777-03-21,LOW,PERSISTENT_INSTITUTIONAL_CONTEXT,ONGOING_CONTEXT_STARTED_EARLIER,POLICY_BEFORE_EVENT,-118,CONTEMPORANEITY_ONLY (인과 주장 없음),"연도 필드 비교(same/prev/next year); ONGOING=이전에 시작한 지속 제도, 종료일 미기록",DERIVED (temporal alignment)
E021,GUSUN_PRE1793,1787-01-03,EXACT_DAY,ACCUSATION_ACT,별군직,ACTIVE,JP004,HEUMHYUL,LEGAL_JUSTICE,『흠휼전칙』 성립,1778-01-12,HIGH,PERSISTENT_INSTITUTIONAL_CONTEXT,ONGOING_CONTEXT_STARTED_EARLIER,POLICY_BEFORE_EVENT,-108,CONTEMPORANEITY_ONLY (인과 주장 없음),"연도 필드 비교(same/prev/next year); ONGOING=이전에 시작한 지속 제도, 종료일 미기록",DERIVED (temporal alignment)
E021,GUSUN_PRE1793,1787-01-03,EXACT_DAY,ACCUSATION_ACT,별군직,ACTIVE,JP005,GYUJANGGAK,POLITICS_PERSONNEL,검서관 설치,1779-03-27,LOW,PERSISTENT_INSTITUTIONAL_CONTEXT,ONGOING_CONTEXT_STARTED_EARLIER,POLICY_BEFORE_EVENT,-94,CONTEMPORANEITY_ONLY (인과 주장 없음),"연도 필드 비교(same/prev/next year); ONGOING=이전에 시작한 지속 제도, 종료일 미기록",DERIVED (temporal alignment)
E021,GUSUN_PRE1793,1787-01-03,EXACT_DAY,ACCUSATION_ACT,별군직,ACTIVE,JP006,CHOGYE,POLITICS_PERSONNEL,초계문신 선발 지시,1781-02-17,LOW,PERSISTENT_INSTITUTIONAL_CONTEXT,ONGOING_CONTEXT_STARTED_EARLIER,POLICY_BEFORE_EVENT,-71,CONTEMPORANEITY_ONLY (인과 주장 없음),"연도 필드 비교(same/prev/next year); ONGOING=이전에 시작한 지속 제도, 종료일 미기록",DERIVED (temporal alignment)
E021,GUSUN_PRE1793,1787-01-03,EXACT_DAY,ACCUSATION_ACT,별군직,ACTIVE,JP012,JANGYONG,MILITARY_DEFENSE,장용위 명명,1785-07-02,MEDIUM,PERSISTENT_INSTITUTIONAL_CONTEXT,ONGOING_CONTEXT_STARTED_EARLIER,POLICY_BEFORE_EVENT,-18,CONTEMPORANEITY_ONLY (인과 주장 없음),"연도 필드 비교(same/prev/next year); ONGOING=이전에 시작한 지속 제도, 종료일 미기록",DERIVED (temporal alignment)
E021,GUSUN_PRE1793,1787-01-03,EXACT_DAY,ACCUSATION_ACT,별군직,ACTIVE,JP013,DAEJEON_TONGPYEON,LEGAL_JUSTICE,『대전통편』 완성·반포,1785-09-11,HIGH,PERSISTENT_INSTITUTIONAL_CONTEXT,ONGOING_CONTEXT_STARTED_EARLIER,POLICY_BEFORE_EVENT,-16,CONTEMPORANEITY_ONLY (인과 주장 없음),"연도 필드 비교(same/prev/next year); ONGOING=이전에 시작한 지속 제도, 종료일 미기록",DERIVED (temporal alignment)
E021,GUSUN_PRE1793,1787-01-03,EXACT_DAY,ACCUSATION_ACT,별군직,ACTIVE,JP014,NOBI_ADMIN,SOCIAL_STATUS_PERSONNEL,노비 추쇄 폐단 재신칙,1786-11-03,LOW,POINT_EVENT,PREVIOUS_YEAR,POLICY_BEFORE_EVENT,-2,CONTEMPORANEITY_ONLY (인과 주장 없음),"연도 필드 비교(same/prev/next year); ONGOING=이전에 시작한 지속 제도, 종료일 미기록",DERIVED (temporal alignment)
E021,GUSUN_PRE1793,1787-01-03,EXACT_DAY,ACCUSATION_ACT,별군직,ACTIVE,JP015,JANGYONG,MILITARY_DEFENSE,장용영 군안 정비·병력 이속,1788-01-22,MEDIUM,POINT_EVENT,NEXT_YEAR,POLICY_AFTER_EVENT,12,CONTEMPORANEITY_ONLY (인과 주장 없음),"연도 필드 비교(same/prev/next year); ONGOING=이전에 시작한 지속 제도, 종료일 미기록",DERIVED (temporal alignment)
E021,GUSUN_PRE1793,1787-01-03,EXACT_DAY,ACCUSATION_ACT,별군직,ACTIVE,JP016,TANGPYEONG,POLITICS_PERSONNEL,채제공 우의정 임명,1788-02-11,LOW,POINT_EVENT,NEXT_YEAR,POLICY_AFTER_EVENT,13,CONTEMPORANEITY_ONLY (인과 주장 없음),"연도 필드 비교(same/prev/next year); ONGOING=이전에 시작한 지속 제도, 종료일 미기록",DERIVED (temporal alignment)
E022,GUSUN_PRE1793,1787-01-03,EXACT_DAY,ACCUSATION_ACT,별군직,ACTIVE,JP002,GYUJANGGAK,POLITICS_PERSONNEL,규장각 설치,1776-09-25,MEDIUM,PERSISTENT_INSTITUTIONAL_CONTEXT,ONGOING_CONTEXT_STARTED_EARLIER,POLICY_BEFORE_EVENT,-124,CONTEMPORANEITY_ONLY (인과 주장 없음),"연도 필드 비교(same/prev/next year); ONGOING=이전에 시작한 지속 제도, 종료일 미기록",DERIVED (temporal alignment)
E022,GUSUN_PRE1793,1787-01-03,EXACT_DAY,ACCUSATION_ACT,별군직,ACTIVE,JP003,SEOEOL_HUTONG,SOCIAL_STATUS_PERSONNEL,정유절목 마련,1777-03-21,LOW,PERSISTENT_INSTITUTIONAL_CONTEXT,ONGOING_CONTEXT_STARTED_EARLIER,POLICY_BEFORE_EVENT,-118,CONTEMPORANEITY_ONLY (인과 주장 없음),"연도 필드 비교(same/prev/next year); ONGOING=이전에 시작한 지속 제도, 종료일 미기록",DERIVED (temporal alignment)
E022,GUSUN_PRE1793,1787-01-03,EXACT_DAY,ACCUSATION_ACT,별군직,ACTIVE,JP004,HEUMHYUL,LEGAL_JUSTICE,『흠휼전칙』 성립,1778-01-12,HIGH,PERSISTENT_INSTITUTIONAL_CONTEXT,ONGOING_CONTEXT_STARTED_EARLIER,POLICY_BEFORE_EVENT,-108,CONTEMPORANEITY_ONLY (인과 주장 없음),"연도 필드 비교(same/prev/next year); ONGOING=이전에 시작한 지속 제도, 종료일 미기록",DERIVED (temporal alignment)
E022,GUSUN_PRE1793,1787-01-03,EXACT_DAY,ACCUSATION_ACT,별군직,ACTIVE,JP005,GYUJANGGAK,POLITICS_PERSONNEL,검서관 설치,1779-03-27,LOW,PERSISTENT_INSTITUTIONAL_CONTEXT,ONGOING_CONTEXT_STARTED_EARLIER,POLICY_BEFORE_EVENT,-94,CONTEMPORANEITY_ONLY (인과 주장 없음),"연도 필드 비교(same/prev/next year); ONGOING=이전에 시작한 지속 제도, 종료일 미기록",DERIVED (temporal alignment)
E022,GUSUN_PRE1793,1787-01-03,EXACT_DAY,ACCUSATION_ACT,별군직,ACTIVE,JP006,CHOGYE,POLITICS_PERSONNEL,초계문신 선발 지시,1781-02-17,LOW,PERSISTENT_INSTITUTIONAL_CONTEXT,ONGOING_CONTEXT_STARTED_EARLIER,POLICY_BEFORE_EVENT,-71,CONTEMPORANEITY_ONLY (인과 주장 없음),"연도 필드 비교(same/prev/next year); ONGOING=이전에 시작한 지속 제도, 종료일 미기록",DERIVED (temporal alignment)
E022,GUSUN_PRE1793,1787-01-03,EXACT_DAY,ACCUSATION_ACT,별군직,ACTIVE,JP012,JANGYONG,MILITARY_DEFENSE,장용위 명명,1785-07-02,MEDIUM,PERSISTENT_INSTITUTIONAL_CONTEXT,ONGOING_CONTEXT_STARTED_EARLIER,POLICY_BEFORE_EVENT,-18,CONTEMPORANEITY_ONLY (인과 주장 없음),"연도 필드 비교(same/prev/next year); ONGOING=이전에 시작한 지속 제도, 종료일 미기록",DERIVED (temporal alignment)
E022,GUSUN_PRE1793,1787-01-03,EXACT_DAY,ACCUSATION_ACT,별군직,ACTIVE,JP013,DAEJEON_TONGPYEON,LEGAL_JUSTICE,『대전통편』 완성·반포,1785-09-11,HIGH,PERSISTENT_INSTITUTIONAL_CONTEXT,ONGOING_CONTEXT_STARTED_EARLIER,POLICY_BEFORE_EVENT,-16,CONTEMPORANEITY_ONLY (인과 주장 없음),"연도 필드 비교(same/prev/next year); ONGOING=이전에 시작한 지속 제도, 종료일 미기록",DERIVED (temporal alignment)
E022,GUSUN_PRE1793,1787-01-03,EXACT_DAY,ACCUSATION_ACT,별군직,ACTIVE,JP014,NOBI_ADMIN,SOCIAL_STATUS_PERSONNEL,노비 추쇄 폐단 재신칙,1786-11-03,LOW,POINT_EVENT,PREVIOUS_YEAR,POLICY_BEFORE_EVENT,-2,CONTEMPORANEITY_ONLY (인과 주장 없음),"연도 필드 비교(same/prev/next year); ONGOING=이전에 시작한 지속 제도, 종료일 미기록",DERIVED (temporal alignment)
E022,GUSUN_PRE1793,1787-01-03,EXACT_DAY,ACCUSATION_ACT,별군직,ACTIVE,JP015,JANGYONG,MILITARY_DEFENSE,장용영 군안 정비·병력 이속,1788-01-22,MEDIUM,POINT_EVENT,NEXT_YEAR,POLICY_AFTER_EVENT,12,CONTEMPORANEITY_ONLY (인과 주장 없음),"연도 필드 비교(same/prev/next year); ONGOING=이전에 시작한 지속 제도, 종료일 미기록",DERIVED (temporal alignment)
E022,GUSUN_PRE1793,1787-01-03,EXACT_DAY,ACCUSATION_ACT,별군직,ACTIVE,JP016,TANGPYEONG,POLITICS_PERSONNEL,채제공 우의정 임명,1788-02-11,LOW,POINT_EVENT,NEXT_YEAR,POLICY_AFTER_EVENT,13,CONTEMPORANEITY_ONLY (인과 주장 없음),"연도 필드 비교(same/prev/next year); ONGOING=이전에 시작한 지속 제도, 종료일 미기록",DERIVED (temporal alignment)
E023,GUSUN_PRE1793,1787-01-03,EXACT_DAY,PUNISHMENT_SENTENCE,NA,UNDER_INVESTIGATION,JP002,GYUJANGGAK,POLITICS_PERSONNEL,규장각 설치,1776-09-25,MEDIUM,PERSISTENT_INSTITUTIONAL_CONTEXT,ONGOING_CONTEXT_STARTED_EARLIER,POLICY_BEFORE_EVENT,-124,CONTEMPORANEITY_ONLY (인과 주장 없음),"연도 필드 비교(same/prev/next year); ONGOING=이전에 시작한 지속 제도, 종료일 미기록",DERIVED (temporal alignment)
E023,GUSUN_PRE1793,1787-01-03,EXACT_DAY,PUNISHMENT_SENTENCE,NA,UNDER_INVESTIGATION,JP003,SEOEOL_HUTONG,SOCIAL_STATUS_PERSONNEL,정유절목 마련,1777-03-21,LOW,PERSISTENT_INSTITUTIONAL_CONTEXT,ONGOING_CONTEXT_STARTED_EARLIER,POLICY_BEFORE_EVENT,-118,CONTEMPORANEITY_ONLY (인과 주장 없음),"연도 필드 비교(same/prev/next year); ONGOING=이전에 시작한 지속 제도, 종료일 미기록",DERIVED (temporal alignment)
E023,GUSUN_PRE1793,1787-01-03,EXACT_DAY,PUNISHMENT_SENTENCE,NA,UNDER_INVESTIGATION,JP004,HEUMHYUL,LEGAL_JUSTICE,『흠휼전칙』 성립,1778-01-12,HIGH,PERSISTENT_INSTITUTIONAL_CONTEXT,ONGOING_CONTEXT_STARTED_EARLIER,POLICY_BEFORE_EVENT,-108,CONTEMPORANEITY_ONLY (인과 주장 없음),"연도 필드 비교(same/prev/next year); ONGOING=이전에 시작한 지속 제도, 종료일 미기록",DERIVED (temporal alignment)
E023,GUSUN_PRE1793,1787-01-03,EXACT_DAY,PUNISHMENT_SENTENCE,NA,UNDER_INVESTIGATION,JP005,GYUJANGGAK,POLITICS_PERSONNEL,검서관 설치,1779-03-27,LOW,PERSISTENT_INSTITUTIONAL_CONTEXT,ONGOING_CONTEXT_STARTED_EARLIER,POLICY_BEFORE_EVENT,-94,CONTEMPORANEITY_ONLY (인과 주장 없음),"연도 필드 비교(same/prev/next year); ONGOING=이전에 시작한 지속 제도, 종료일 미기록",DERIVED (temporal alignment)
E023,GUSUN_PRE1793,1787-01-03,EXACT_DAY,PUNISHMENT_SENTENCE,NA,UNDER_INVESTIGATION,JP006,CHOGYE,POLITICS_PERSONNEL,초계문신 선발 지시,1781-02-17,LOW,PERSISTENT_INSTITUTIONAL_CONTEXT,ONGOING_CONTEXT_STARTED_EARLIER,POLICY_BEFORE_EVENT,-71,CONTEMPORANEITY_ONLY (인과 주장 없음),"연도 필드 비교(same/prev/next year); ONGOING=이전에 시작한 지속 제도, 종료일 미기록",DERIVED (temporal alignment)
E023,GUSUN_PRE1793,1787-01-03,EXACT_DAY,PUNISHMENT_SENTENCE,NA,UNDER_INVESTIGATION,JP012,JANGYONG,MILITARY_DEFENSE,장용위 명명,1785-07-02,MEDIUM,PERSISTENT_INSTITUTIONAL_CONTEXT,ONGOING_CONTEXT_STARTED_EARLIER,POLICY_BEFORE_EVENT,-18,CONTEMPORANEITY_ONLY (인과 주장 없음),"연도 필드 비교(same/prev/next year); ONGOING=이전에 시작한 지속 제도, 종료일 미기록",DERIVED (temporal alignment)
E023,GUSUN_PRE1793,1787-01-03,EXACT_DAY,PUNISHMENT_SENTENCE,NA,UNDER_INVESTIGATION,JP013,DAEJEON_TONGPYEON,LEGAL_JUSTICE,『대전통편』 완성·반포,1785-09-11,HIGH,PERSISTENT_INSTITUTIONAL_CONTEXT,ONGOING_CONTEXT_STARTED_EARLIER,POLICY_BEFORE_EVENT,-16,CONTEMPORANEITY_ONLY (인과 주장 없음),"연도 필드 비교(same/prev/next year); ONGOING=이전에 시작한 지속 제도, 종료일 미기록",DERIVED (temporal alignment)
E023,GUSUN_PRE1793,1787-01-03,EXACT_DAY,PUNISHMENT_SENTENCE,NA,UNDER_INVESTIGATION,JP014,NOBI_ADMIN,SOCIAL_STATUS_PERSONNEL,노비 추쇄 폐단 재신칙,1786-11-03,LOW,POINT_EVENT,PREVIOUS_YEAR,POLICY_BEFORE_EVENT,-2,CONTEMPORANEITY_ONLY (인과 주장 없음),"연도 필드 비교(same/prev/next year); ONGOING=이전에 시작한 지속 제도, 종료일 미기록",DERIVED (temporal alignment)
E023,GUSUN_PRE1793,1787-01-03,EXACT_DAY,PUNISHMENT_SENTENCE,NA,UNDER_INVESTIGATION,JP015,JANGYONG,MILITARY_DEFENSE,장용영 군안 정비·병력 이속,1788-01-22,MEDIUM,POINT_EVENT,NEXT_YEAR,POLICY_AFTER_EVENT,12,CONTEMPORANEITY_ONLY (인과 주장 없음),"연도 필드 비교(same/prev/next year); ONGOING=이전에 시작한 지속 제도, 종료일 미기록",DERIVED (temporal alignment)
E023,GUSUN_PRE1793,1787-01-03,EXACT_DAY,PUNISHMENT_SENTENCE,NA,UNDER_INVESTIGATION,JP016,TANGPYEONG,POLITICS_PERSONNEL,채제공 우의정 임명,1788-02-11,LOW,POINT_EVENT,NEXT_YEAR,POLICY_AFTER_EVENT,13,CONTEMPORANEITY_ONLY (인과 주장 없음),"연도 필드 비교(same/prev/next year); ONGOING=이전에 시작한 지속 제도, 종료일 미기록",DERIVED (temporal alignment)
E024,GUSUN_PRE1793,1787-01-03,EXACT_DAY,ROYAL_STATEMENT,NA,UNDER_INVESTIGATION,JP002,GYUJANGGAK,POLITICS_PERSONNEL,규장각 설치,1776-09-25,MEDIUM,PERSISTENT_INSTITUTIONAL_CONTEXT,ONGOING_CONTEXT_STARTED_EARLIER,POLICY_BEFORE_EVENT,-124,CONTEMPORANEITY_ONLY (인과 주장 없음),"연도 필드 비교(same/prev/next year); ONGOING=이전에 시작한 지속 제도, 종료일 미기록",DERIVED (temporal alignment)
E024,GUSUN_PRE1793,1787-01-03,EXACT_DAY,ROYAL_STATEMENT,NA,UNDER_INVESTIGATION,JP003,SEOEOL_HUTONG,SOCIAL_STATUS_PERSONNEL,정유절목 마련,1777-03-21,LOW,PERSISTENT_INSTITUTIONAL_CONTEXT,ONGOING_CONTEXT_STARTED_EARLIER,POLICY_BEFORE_EVENT,-118,CONTEMPORANEITY_ONLY (인과 주장 없음),"연도 필드 비교(same/prev/next year); ONGOING=이전에 시작한 지속 제도, 종료일 미기록",DERIVED (temporal alignment)
E024,GUSUN_PRE1793,1787-01-03,EXACT_DAY,ROYAL_STATEMENT,NA,UNDER_INVESTIGATION,JP004,HEUMHYUL,LEGAL_JUSTICE,『흠휼전칙』 성립,1778-01-12,HIGH,PERSISTENT_INSTITUTIONAL_CONTEXT,ONGOING_CONTEXT_STARTED_EARLIER,POLICY_BEFORE_EVENT,-108,CONTEMPORANEITY_ONLY (인과 주장 없음),"연도 필드 비교(same/prev/next year); ONGOING=이전에 시작한 지속 제도, 종료일 미기록",DERIVED (temporal alignment)
E024,GUSUN_PRE1793,1787-01-03,EXACT_DAY,ROYAL_STATEMENT,NA,UNDER_INVESTIGATION,JP005,GYUJANGGAK,POLITICS_PERSONNEL,검서관 설치,1779-03-27,LOW,PERSISTENT_INSTITUTIONAL_CONTEXT,ONGOING_CONTEXT_STARTED_EARLIER,POLICY_BEFORE_EVENT,-94,CONTEMPORANEITY_ONLY (인과 주장 없음),"연도 필드 비교(same/prev/next year); ONGOING=이전에 시작한 지속 제도, 종료일 미기록",DERIVED (temporal alignment)
E024,GUSUN_PRE1793,1787-01-03,EXACT_DAY,ROYAL_STATEMENT,NA,UNDER_INVESTIGATION,JP006,CHOGYE,POLITICS_PERSONNEL,초계문신 선발 지시,1781-02-17,LOW,PERSISTENT_INSTITUTIONAL_CONTEXT,ONGOING_CONTEXT_STARTED_EARLIER,POLICY_BEFORE_EVENT,-71,CONTEMPORANEITY_ONLY (인과 주장 없음),"연도 필드 비교(same/prev/next year); ONGOING=이전에 시작한 지속 제도, 종료일 미기록",DERIVED (temporal alignment)
E024,GUSUN_PRE1793,1787-01-03,EXACT_DAY,ROYAL_STATEMENT,NA,UNDER_INVESTIGATION,JP012,JANGYONG,MILITARY_DEFENSE,장용위 명명,1785-07-02,MEDIUM,PERSISTENT_INSTITUTIONAL_CONTEXT,ONGOING_CONTEXT_STARTED_EARLIER,POLICY_BEFORE_EVENT,-18,CONTEMPORANEITY_ONLY (인과 주장 없음),"연도 필드 비교(same/prev/next year); ONGOING=이전에 시작한 지속 제도, 종료일 미기록",DERIVED (temporal alignment)
E024,GUSUN_PRE1793,1787-01-03,EXACT_DAY,ROYAL_STATEMENT,NA,UNDER_INVESTIGATION,JP013,DAEJEON_TONGPYEON,LEGAL_JUSTICE,『대전통편』 완성·반포,1785-09-11,HIGH,PERSISTENT_INSTITUTIONAL_CONTEXT,ONGOING_CONTEXT_STARTED_EARLIER,POLICY_BEFORE_EVENT,-16,CONTEMPORANEITY_ONLY (인과 주장 없음),"연도 필드 비교(same/prev/next year); ONGOING=이전에 시작한 지속 제도, 종료일 미기록",DERIVED (temporal alignment)
E024,GUSUN_PRE1793,1787-01-03,EXACT_DAY,ROYAL_STATEMENT,NA,UNDER_INVESTIGATION,JP014,NOBI_ADMIN,SOCIAL_STATUS_PERSONNEL,노비 추쇄 폐단 재신칙,1786-11-03,LOW,POINT_EVENT,PREVIOUS_YEAR,POLICY_BEFORE_EVENT,-2,CONTEMPORANEITY_ONLY (인과 주장 없음),"연도 필드 비교(same/prev/next year); ONGOING=이전에 시작한 지속 제도, 종료일 미기록",DERIVED (temporal alignment)
E024,GUSUN_PRE1793,1787-01-03,EXACT_DAY,ROYAL_STATEMENT,NA,UNDER_INVESTIGATION,JP015,JANGYONG,MILITARY_DEFENSE,장용영 군안 정비·병력 이속,1788-01-22,MEDIUM,POINT_EVENT,NEXT_YEAR,POLICY_AFTER_EVENT,12,CONTEMPORANEITY_ONLY (인과 주장 없음),"연도 필드 비교(same/prev/next year); ONGOING=이전에 시작한 지속 제도, 종료일 미기록",DERIVED (temporal alignment)
E024,GUSUN_PRE1793,1787-01-03,EXACT_DAY,ROYAL_STATEMENT,NA,UNDER_INVESTIGATION,JP016,TANGPYEONG,POLITICS_PERSONNEL,채제공 우의정 임명,1788-02-11,LOW,POINT_EVENT,NEXT_YEAR,POLICY_AFTER_EVENT,13,CONTEMPORANEITY_ONLY (인과 주장 없음),"연도 필드 비교(same/prev/next year); ONGOING=이전에 시작한 지속 제도, 종료일 미기록",DERIVED (temporal alignment)
E029,GUSUN_1793PLUS,1793-02-22,EXACT_DAY,CASE_ORIGIN,전 부사(府名 미상),FORMER_OFFICIAL,JP002,GYUJANGGAK,POLITICS_PERSONNEL,규장각 설치,1776-09-25,MEDIUM,PERSISTENT_INSTITUTIONAL_CONTEXT,ONGOING_CONTEXT_STARTED_EARLIER,POLICY_BEFORE_EVENT,-197,CONTEMPORANEITY_ONLY (인과 주장 없음),"연도 필드 비교(same/prev/next year); ONGOING=이전에 시작한 지속 제도, 종료일 미기록",DERIVED (temporal alignment)
E029,GUSUN_1793PLUS,1793-02-22,EXACT_DAY,CASE_ORIGIN,전 부사(府名 미상),FORMER_OFFICIAL,JP003,SEOEOL_HUTONG,SOCIAL_STATUS_PERSONNEL,정유절목 마련,1777-03-21,LOW,PERSISTENT_INSTITUTIONAL_CONTEXT,ONGOING_CONTEXT_STARTED_EARLIER,POLICY_BEFORE_EVENT,-191,CONTEMPORANEITY_ONLY (인과 주장 없음),"연도 필드 비교(same/prev/next year); ONGOING=이전에 시작한 지속 제도, 종료일 미기록",DERIVED (temporal alignment)
E029,GUSUN_1793PLUS,1793-02-22,EXACT_DAY,CASE_ORIGIN,전 부사(府名 미상),FORMER_OFFICIAL,JP004,HEUMHYUL,LEGAL_JUSTICE,『흠휼전칙』 성립,1778-01-12,HIGH,PERSISTENT_INSTITUTIONAL_CONTEXT,ONGOING_CONTEXT_STARTED_EARLIER,POLICY_BEFORE_EVENT,-181,CONTEMPORANEITY_ONLY (인과 주장 없음),"연도 필드 비교(same/prev/next year); ONGOING=이전에 시작한 지속 제도, 종료일 미기록",DERIVED (temporal alignment)
E029,GUSUN_1793PLUS,1793-02-22,EXACT_DAY,CASE_ORIGIN,전 부사(府名 미상),FORMER_OFFICIAL,JP005,GYUJANGGAK,POLITICS_PERSONNEL,검서관 설치,1779-03-27,LOW,PERSISTENT_INSTITUTIONAL_CONTEXT,ONGOING_CONTEXT_STARTED_EARLIER,POLICY_BEFORE_EVENT,-167,CONTEMPORANEITY_ONLY (인과 주장 없음),"연도 필드 비교(same/prev/next year); ONGOING=이전에 시작한 지속 제도, 종료일 미기록",DERIVED (temporal alignment)
E029,GUSUN_1793PLUS,1793-02-22,EXACT_DAY,CASE_ORIGIN,전 부사(府名 미상),FORMER_OFFICIAL,JP006,CHOGYE,POLITICS_PERSONNEL,초계문신 선발 지시,1781-02-17,LOW,PERSISTENT_INSTITUTIONAL_CONTEXT,ONGOING_CONTEXT_STARTED_EARLIER,POLICY_BEFORE_EVENT,-144,CONTEMPORANEITY_ONLY (인과 주장 없음),"연도 필드 비교(same/prev/next year); ONGOING=이전에 시작한 지속 제도, 종료일 미기록",DERIVED (temporal alignment)
E029,GUSUN_1793PLUS,1793-02-22,EXACT_DAY,CASE_ORIGIN,전 부사(府名 미상),FORMER_OFFICIAL,JP012,JANGYONG,MILITARY_DEFENSE,장용위 명명,1785-07-02,MEDIUM,PERSISTENT_INSTITUTIONAL_CONTEXT,ONGOING_CONTEXT_STARTED_EARLIER,POLICY_BEFORE_EVENT,-91,CONTEMPORANEITY_ONLY (인과 주장 없음),"연도 필드 비교(same/prev/next year); ONGOING=이전에 시작한 지속 제도, 종료일 미기록",DERIVED (temporal alignment)
E029,GUSUN_1793PLUS,1793-02-22,EXACT_DAY,CASE_ORIGIN,전 부사(府名 미상),FORMER_OFFICIAL,JP013,DAEJEON_TONGPYEON,LEGAL_JUSTICE,『대전통편』 완성·반포,1785-09-11,HIGH,PERSISTENT_INSTITUTIONAL_CONTEXT,ONGOING_CONTEXT_STARTED_EARLIER,POLICY_BEFORE_EVENT,-89,CONTEMPORANEITY_ONLY (인과 주장 없음),"연도 필드 비교(same/prev/next year); ONGOING=이전에 시작한 지속 제도, 종료일 미기록",DERIVED (temporal alignment)
E029,GUSUN_1793PLUS,1793-02-22,EXACT_DAY,CASE_ORIGIN,전 부사(府名 미상),FORMER_OFFICIAL,JP018,SINHAE_TONGGONG,ECONOMY_COMMERCE,신해통공 시행,1791-01-25,MEDIUM,PERSISTENT_INSTITUTIONAL_CONTEXT,ONGOING_CONTEXT_STARTED_EARLIER,POLICY_BEFORE_EVENT,-25,CONTEMPORANEITY_ONLY (인과 주장 없음),"연도 필드 비교(same/prev/next year); ONGOING=이전에 시작한 지속 제도, 종료일 미기록",DERIVED (temporal alignment)
E029,GUSUN_1793PLUS,1793-02-22,EXACT_DAY,CASE_ORIGIN,전 부사(府名 미상),FORMER_OFFICIAL,JP019,MUWONROK,LEGAL_JUSTICE,『증수무원록』 간행·반포 명령,1792-11-20,HIGH,PERSISTENT_INSTITUTIONAL_CONTEXT,PREVIOUS_YEAR,POLICY_BEFORE_EVENT,-3,CONTEMPORANEITY_ONLY (인과 주장 없음),"연도 필드 비교(same/prev/next year); ONGOING=이전에 시작한 지속 제도, 종료일 미기록",DERIVED (temporal alignment)
E029,GUSUN_1793PLUS,1793-02-22,EXACT_DAY,CASE_ORIGIN,전 부사(府名 미상),FORMER_OFFICIAL,JP020,JANGYONG,MILITARY_DEFENSE,화성 유수·장용외사 체계 정비,1793-01-12,MEDIUM,POINT_EVENT,SAME_YEAR,POLICY_BEFORE_EVENT,-1,CONTEMPORANEITY_ONLY (인과 주장 없음),"연도 필드 비교(same/prev/next year); ONGOING=이전에 시작한 지속 제도, 종료일 미기록",DERIVED (temporal alignment)
E029,GUSUN_1793PLUS,1793-02-22,EXACT_DAY,CASE_ORIGIN,전 부사(府名 미상),FORMER_OFFICIAL,JP021,HWASEONG,LOCAL_ADMIN_URBAN,수원성 축조 하명,1794-01-15,MEDIUM,POINT_EVENT,NEXT_YEAR,POLICY_AFTER_EVENT,11,CONTEMPORANEITY_ONLY (인과 주장 없음),"연도 필드 비교(same/prev/next year); ONGOING=이전에 시작한 지속 제도, 종료일 미기록",DERIVED (temporal alignment)
E034,GUSUN_1793PLUS,1793-02-28,EXACT_DAY,REPORT,전 부사(府名 미상),FORMER_OFFICIAL,JP002,GYUJANGGAK,POLITICS_PERSONNEL,규장각 설치,1776-09-25,MEDIUM,PERSISTENT_INSTITUTIONAL_CONTEXT,ONGOING_CONTEXT_STARTED_EARLIER,POLICY_BEFORE_EVENT,-197,CONTEMPORANEITY_ONLY (인과 주장 없음),"연도 필드 비교(same/prev/next year); ONGOING=이전에 시작한 지속 제도, 종료일 미기록",DERIVED (temporal alignment)
E034,GUSUN_1793PLUS,1793-02-28,EXACT_DAY,REPORT,전 부사(府名 미상),FORMER_OFFICIAL,JP003,SEOEOL_HUTONG,SOCIAL_STATUS_PERSONNEL,정유절목 마련,1777-03-21,LOW,PERSISTENT_INSTITUTIONAL_CONTEXT,ONGOING_CONTEXT_STARTED_EARLIER,POLICY_BEFORE_EVENT,-191,CONTEMPORANEITY_ONLY (인과 주장 없음),"연도 필드 비교(same/prev/next year); ONGOING=이전에 시작한 지속 제도, 종료일 미기록",DERIVED (temporal alignment)
E034,GUSUN_1793PLUS,1793-02-28,EXACT_DAY,REPORT,전 부사(府名 미상),FORMER_OFFICIAL,JP004,HEUMHYUL,LEGAL_JUSTICE,『흠휼전칙』 성립,1778-01-12,HIGH,PERSISTENT_INSTITUTIONAL_CONTEXT,ONGOING_CONTEXT_STARTED_EARLIER,POLICY_BEFORE_EVENT,-181,CONTEMPORANEITY_ONLY (인과 주장 없음),"연도 필드 비교(same/prev/next year); ONGOING=이전에 시작한 지속 제도, 종료일 미기록",DERIVED (temporal alignment)
E034,GUSUN_1793PLUS,1793-02-28,EXACT_DAY,REPORT,전 부사(府名 미상),FORMER_OFFICIAL,JP005,GYUJANGGAK,POLITICS_PERSONNEL,검서관 설치,1779-03-27,LOW,PERSISTENT_INSTITUTIONAL_CONTEXT,ONGOING_CONTEXT_STARTED_EARLIER,POLICY_BEFORE_EVENT,-167,CONTEMPORANEITY_ONLY (인과 주장 없음),"연도 필드 비교(same/prev/next year); ONGOING=이전에 시작한 지속 제도, 종료일 미기록",DERIVED (temporal alignment)
E034,GUSUN_1793PLUS,1793-02-28,EXACT_DAY,REPORT,전 부사(府名 미상),FORMER_OFFICIAL,JP006,CHOGYE,POLITICS_PERSONNEL,초계문신 선발 지시,1781-02-17,LOW,PERSISTENT_INSTITUTIONAL_CONTEXT,ONGOING_CONTEXT_STARTED_EARLIER,POLICY_BEFORE_EVENT,-144,CONTEMPORANEITY_ONLY (인과 주장 없음),"연도 필드 비교(same/prev/next year); ONGOING=이전에 시작한 지속 제도, 종료일 미기록",DERIVED (temporal alignment)
E034,GUSUN_1793PLUS,1793-02-28,EXACT_DAY,REPORT,전 부사(府名 미상),FORMER_OFFICIAL,JP012,JANGYONG,MILITARY_DEFENSE,장용위 명명,1785-07-02,MEDIUM,PERSISTENT_INSTITUTIONAL_CONTEXT,ONGOING_CONTEXT_STARTED_EARLIER,POLICY_BEFORE_EVENT,-91,CONTEMPORANEITY_ONLY (인과 주장 없음),"연도 필드 비교(same/prev/next year); ONGOING=이전에 시작한 지속 제도, 종료일 미기록",DERIVED (temporal alignment)
E034,GUSUN_1793PLUS,1793-02-28,EXACT_DAY,REPORT,전 부사(府名 미상),FORMER_OFFICIAL,JP013,DAEJEON_TONGPYEON,LEGAL_JUSTICE,『대전통편』 완성·반포,1785-09-11,HIGH,PERSISTENT_INSTITUTIONAL_CONTEXT,ONGOING_CONTEXT_STARTED_EARLIER,POLICY_BEFORE_EVENT,-89,CONTEMPORANEITY_ONLY (인과 주장 없음),"연도 필드 비교(same/prev/next year); ONGOING=이전에 시작한 지속 제도, 종료일 미기록",DERIVED (temporal alignment)
E034,GUSUN_1793PLUS,1793-02-28,EXACT_DAY,REPORT,전 부사(府名 미상),FORMER_OFFICIAL,JP018,SINHAE_TONGGONG,ECONOMY_COMMERCE,신해통공 시행,1791-01-25,MEDIUM,PERSISTENT_INSTITUTIONAL_CONTEXT,ONGOING_CONTEXT_STARTED_EARLIER,POLICY_BEFORE_EVENT,-25,CONTEMPORANEITY_ONLY (인과 주장 없음),"연도 필드 비교(same/prev/next year); ONGOING=이전에 시작한 지속 제도, 종료일 미기록",DERIVED (temporal alignment)
E034,GUSUN_1793PLUS,1793-02-28,EXACT_DAY,REPORT,전 부사(府名 미상),FORMER_OFFICIAL,JP019,MUWONROK,LEGAL_JUSTICE,『증수무원록』 간행·반포 명령,1792-11-20,HIGH,PERSISTENT_INSTITUTIONAL_CONTEXT,PREVIOUS_YEAR,POLICY_BEFORE_EVENT,-3,CONTEMPORANEITY_ONLY (인과 주장 없음),"연도 필드 비교(same/prev/next year); ONGOING=이전에 시작한 지속 제도, 종료일 미기록",DERIVED (temporal alignment)
E034,GUSUN_1793PLUS,1793-02-28,EXACT_DAY,REPORT,전 부사(府名 미상),FORMER_OFFICIAL,JP020,JANGYONG,MILITARY_DEFENSE,화성 유수·장용외사 체계 정비,1793-01-12,MEDIUM,POINT_EVENT,SAME_YEAR,POLICY_BEFORE_EVENT,-1,CONTEMPORANEITY_ONLY (인과 주장 없음),"연도 필드 비교(same/prev/next year); ONGOING=이전에 시작한 지속 제도, 종료일 미기록",DERIVED (temporal alignment)
E034,GUSUN_1793PLUS,1793-02-28,EXACT_DAY,REPORT,전 부사(府名 미상),FORMER_OFFICIAL,JP021,HWASEONG,LOCAL_ADMIN_URBAN,수원성 축조 하명,1794-01-15,MEDIUM,POINT_EVENT,NEXT_YEAR,POLICY_AFTER_EVENT,11,CONTEMPORANEITY_ONLY (인과 주장 없음),"연도 필드 비교(same/prev/next year); ONGOING=이전에 시작한 지속 제도, 종료일 미기록",DERIVED (temporal alignment)
E026,GUSUN_1793PLUS,1793-02-early,YEAR_MONTH,INTERPERSONAL_RELATION_STATE,전 부사(府名 미상),FORMER_OFFICIAL,JP002,GYUJANGGAK,POLITICS_PERSONNEL,규장각 설치,1776-09-25,MEDIUM,PERSISTENT_INSTITUTIONAL_CONTEXT,ONGOING_CONTEXT_STARTED_EARLIER,POLICY_BEFORE_EVENT,-197,CONTEMPORANEITY_ONLY (인과 주장 없음),"연도 필드 비교(same/prev/next year); ONGOING=이전에 시작한 지속 제도, 종료일 미기록",DERIVED (temporal alignment)
E026,GUSUN_1793PLUS,1793-02-early,YEAR_MONTH,INTERPERSONAL_RELATION_STATE,전 부사(府名 미상),FORMER_OFFICIAL,JP003,SEOEOL_HUTONG,SOCIAL_STATUS_PERSONNEL,정유절목 마련,1777-03-21,LOW,PERSISTENT_INSTITUTIONAL_CONTEXT,ONGOING_CONTEXT_STARTED_EARLIER,POLICY_BEFORE_EVENT,-191,CONTEMPORANEITY_ONLY (인과 주장 없음),"연도 필드 비교(same/prev/next year); ONGOING=이전에 시작한 지속 제도, 종료일 미기록",DERIVED (temporal alignment)
E026,GUSUN_1793PLUS,1793-02-early,YEAR_MONTH,INTERPERSONAL_RELATION_STATE,전 부사(府名 미상),FORMER_OFFICIAL,JP004,HEUMHYUL,LEGAL_JUSTICE,『흠휼전칙』 성립,1778-01-12,HIGH,PERSISTENT_INSTITUTIONAL_CONTEXT,ONGOING_CONTEXT_STARTED_EARLIER,POLICY_BEFORE_EVENT,-181,CONTEMPORANEITY_ONLY (인과 주장 없음),"연도 필드 비교(same/prev/next year); ONGOING=이전에 시작한 지속 제도, 종료일 미기록",DERIVED (temporal alignment)
E026,GUSUN_1793PLUS,1793-02-early,YEAR_MONTH,INTERPERSONAL_RELATION_STATE,전 부사(府名 미상),FORMER_OFFICIAL,JP005,GYUJANGGAK,POLITICS_PERSONNEL,검서관 설치,1779-03-27,LOW,PERSISTENT_INSTITUTIONAL_CONTEXT,ONGOING_CONTEXT_STARTED_EARLIER,POLICY_BEFORE_EVENT,-167,CONTEMPORANEITY_ONLY (인과 주장 없음),"연도 필드 비교(same/prev/next year); ONGOING=이전에 시작한 지속 제도, 종료일 미기록",DERIVED (temporal alignment)
E026,GUSUN_1793PLUS,1793-02-early,YEAR_MONTH,INTERPERSONAL_RELATION_STATE,전 부사(府名 미상),FORMER_OFFICIAL,JP006,CHOGYE,POLITICS_PERSONNEL,초계문신 선발 지시,1781-02-17,LOW,PERSISTENT_INSTITUTIONAL_CONTEXT,ONGOING_CONTEXT_STARTED_EARLIER,POLICY_BEFORE_EVENT,-144,CONTEMPORANEITY_ONLY (인과 주장 없음),"연도 필드 비교(same/prev/next year); ONGOING=이전에 시작한 지속 제도, 종료일 미기록",DERIVED (temporal alignment)
E026,GUSUN_1793PLUS,1793-02-early,YEAR_MONTH,INTERPERSONAL_RELATION_STATE,전 부사(府名 미상),FORMER_OFFICIAL,JP012,JANGYONG,MILITARY_DEFENSE,장용위 명명,1785-07-02,MEDIUM,PERSISTENT_INSTITUTIONAL_CONTEXT,ONGOING_CONTEXT_STARTED_EARLIER,POLICY_BEFORE_EVENT,-91,CONTEMPORANEITY_ONLY (인과 주장 없음),"연도 필드 비교(same/prev/next year); ONGOING=이전에 시작한 지속 제도, 종료일 미기록",DERIVED (temporal alignment)
E026,GUSUN_1793PLUS,1793-02-early,YEAR_MONTH,INTERPERSONAL_RELATION_STATE,전 부사(府名 미상),FORMER_OFFICIAL,JP013,DAEJEON_TONGPYEON,LEGAL_JUSTICE,『대전통편』 완성·반포,1785-09-11,HIGH,PERSISTENT_INSTITUTIONAL_CONTEXT,ONGOING_CONTEXT_STARTED_EARLIER,POLICY_BEFORE_EVENT,-89,CONTEMPORANEITY_ONLY (인과 주장 없음),"연도 필드 비교(same/prev/next year); ONGOING=이전에 시작한 지속 제도, 종료일 미기록",DERIVED (temporal alignment)
E026,GUSUN_1793PLUS,1793-02-early,YEAR_MONTH,INTERPERSONAL_RELATION_STATE,전 부사(府名 미상),FORMER_OFFICIAL,JP018,SINHAE_TONGGONG,ECONOMY_COMMERCE,신해통공 시행,1791-01-25,MEDIUM,PERSISTENT_INSTITUTIONAL_CONTEXT,ONGOING_CONTEXT_STARTED_EARLIER,POLICY_BEFORE_EVENT,-25,CONTEMPORANEITY_ONLY (인과 주장 없음),"연도 필드 비교(same/prev/next year); ONGOING=이전에 시작한 지속 제도, 종료일 미기록",DERIVED (temporal alignment)
E026,GUSUN_1793PLUS,1793-02-early,YEAR_MONTH,INTERPERSONAL_RELATION_STATE,전 부사(府名 미상),FORMER_OFFICIAL,JP019,MUWONROK,LEGAL_JUSTICE,『증수무원록』 간행·반포 명령,1792-11-20,HIGH,PERSISTENT_INSTITUTIONAL_CONTEXT,PREVIOUS_YEAR,POLICY_BEFORE_EVENT,-3,CONTEMPORANEITY_ONLY (인과 주장 없음),"연도 필드 비교(same/prev/next year); ONGOING=이전에 시작한 지속 제도, 종료일 미기록",DERIVED (temporal alignment)
E026,GUSUN_1793PLUS,1793-02-early,YEAR_MONTH,INTERPERSONAL_RELATION_STATE,전 부사(府名 미상),FORMER_OFFICIAL,JP020,JANGYONG,MILITARY_DEFENSE,화성 유수·장용외사 체계 정비,1793-01-12,MEDIUM,POINT_EVENT,SAME_YEAR,POLICY_BEFORE_EVENT,-1,CONTEMPORANEITY_ONLY (인과 주장 없음),"연도 필드 비교(same/prev/next year); ONGOING=이전에 시작한 지속 제도, 종료일 미기록",DERIVED (temporal alignment)
E026,GUSUN_1793PLUS,1793-02-early,YEAR_MONTH,INTERPERSONAL_RELATION_STATE,전 부사(府名 미상),FORMER_OFFICIAL,JP021,HWASEONG,LOCAL_ADMIN_URBAN,수원성 축조 하명,1794-01-15,MEDIUM,POINT_EVENT,NEXT_YEAR,POLICY_AFTER_EVENT,11,CONTEMPORANEITY_ONLY (인과 주장 없음),"연도 필드 비교(same/prev/next year); ONGOING=이전에 시작한 지속 제도, 종료일 미기록",DERIVED (temporal alignment)
E027,GUSUN_1793PLUS,1793-02-early,YEAR_MONTH,INTERPERSONAL_CONFLICT,전 부사(府名 미상),FORMER_OFFICIAL,JP002,GYUJANGGAK,POLITICS_PERSONNEL,규장각 설치,1776-09-25,MEDIUM,PERSISTENT_INSTITUTIONAL_CONTEXT,ONGOING_CONTEXT_STARTED_EARLIER,POLICY_BEFORE_EVENT,-197,CONTEMPORANEITY_ONLY (인과 주장 없음),"연도 필드 비교(same/prev/next year); ONGOING=이전에 시작한 지속 제도, 종료일 미기록",DERIVED (temporal alignment)
E027,GUSUN_1793PLUS,1793-02-early,YEAR_MONTH,INTERPERSONAL_CONFLICT,전 부사(府名 미상),FORMER_OFFICIAL,JP003,SEOEOL_HUTONG,SOCIAL_STATUS_PERSONNEL,정유절목 마련,1777-03-21,LOW,PERSISTENT_INSTITUTIONAL_CONTEXT,ONGOING_CONTEXT_STARTED_EARLIER,POLICY_BEFORE_EVENT,-191,CONTEMPORANEITY_ONLY (인과 주장 없음),"연도 필드 비교(same/prev/next year); ONGOING=이전에 시작한 지속 제도, 종료일 미기록",DERIVED (temporal alignment)
E027,GUSUN_1793PLUS,1793-02-early,YEAR_MONTH,INTERPERSONAL_CONFLICT,전 부사(府名 미상),FORMER_OFFICIAL,JP004,HEUMHYUL,LEGAL_JUSTICE,『흠휼전칙』 성립,1778-01-12,HIGH,PERSISTENT_INSTITUTIONAL_CONTEXT,ONGOING_CONTEXT_STARTED_EARLIER,POLICY_BEFORE_EVENT,-181,CONTEMPORANEITY_ONLY (인과 주장 없음),"연도 필드 비교(same/prev/next year); ONGOING=이전에 시작한 지속 제도, 종료일 미기록",DERIVED (temporal alignment)
E027,GUSUN_1793PLUS,1793-02-early,YEAR_MONTH,INTERPERSONAL_CONFLICT,전 부사(府名 미상),FORMER_OFFICIAL,JP005,GYUJANGGAK,POLITICS_PERSONNEL,검서관 설치,1779-03-27,LOW,PERSISTENT_INSTITUTIONAL_CONTEXT,ONGOING_CONTEXT_STARTED_EARLIER,POLICY_BEFORE_EVENT,-167,CONTEMPORANEITY_ONLY (인과 주장 없음),"연도 필드 비교(same/prev/next year); ONGOING=이전에 시작한 지속 제도, 종료일 미기록",DERIVED (temporal alignment)
E027,GUSUN_1793PLUS,1793-02-early,YEAR_MONTH,INTERPERSONAL_CONFLICT,전 부사(府名 미상),FORMER_OFFICIAL,JP006,CHOGYE,POLITICS_PERSONNEL,초계문신 선발 지시,1781-02-17,LOW,PERSISTENT_INSTITUTIONAL_CONTEXT,ONGOING_CONTEXT_STARTED_EARLIER,POLICY_BEFORE_EVENT,-144,CONTEMPORANEITY_ONLY (인과 주장 없음),"연도 필드 비교(same/prev/next year); ONGOING=이전에 시작한 지속 제도, 종료일 미기록",DERIVED (temporal alignment)
E027,GUSUN_1793PLUS,1793-02-early,YEAR_MONTH,INTERPERSONAL_CONFLICT,전 부사(府名 미상),FORMER_OFFICIAL,JP012,JANGYONG,MILITARY_DEFENSE,장용위 명명,1785-07-02,MEDIUM,PERSISTENT_INSTITUTIONAL_CONTEXT,ONGOING_CONTEXT_STARTED_EARLIER,POLICY_BEFORE_EVENT,-91,CONTEMPORANEITY_ONLY (인과 주장 없음),"연도 필드 비교(same/prev/next year); ONGOING=이전에 시작한 지속 제도, 종료일 미기록",DERIVED (temporal alignment)
E027,GUSUN_1793PLUS,1793-02-early,YEAR_MONTH,INTERPERSONAL_CONFLICT,전 부사(府名 미상),FORMER_OFFICIAL,JP013,DAEJEON_TONGPYEON,LEGAL_JUSTICE,『대전통편』 완성·반포,1785-09-11,HIGH,PERSISTENT_INSTITUTIONAL_CONTEXT,ONGOING_CONTEXT_STARTED_EARLIER,POLICY_BEFORE_EVENT,-89,CONTEMPORANEITY_ONLY (인과 주장 없음),"연도 필드 비교(same/prev/next year); ONGOING=이전에 시작한 지속 제도, 종료일 미기록",DERIVED (temporal alignment)
E027,GUSUN_1793PLUS,1793-02-early,YEAR_MONTH,INTERPERSONAL_CONFLICT,전 부사(府名 미상),FORMER_OFFICIAL,JP018,SINHAE_TONGGONG,ECONOMY_COMMERCE,신해통공 시행,1791-01-25,MEDIUM,PERSISTENT_INSTITUTIONAL_CONTEXT,ONGOING_CONTEXT_STARTED_EARLIER,POLICY_BEFORE_EVENT,-25,CONTEMPORANEITY_ONLY (인과 주장 없음),"연도 필드 비교(same/prev/next year); ONGOING=이전에 시작한 지속 제도, 종료일 미기록",DERIVED (temporal alignment)
E027,GUSUN_1793PLUS,1793-02-early,YEAR_MONTH,INTERPERSONAL_CONFLICT,전 부사(府名 미상),FORMER_OFFICIAL,JP019,MUWONROK,LEGAL_JUSTICE,『증수무원록』 간행·반포 명령,1792-11-20,HIGH,PERSISTENT_INSTITUTIONAL_CONTEXT,PREVIOUS_YEAR,POLICY_BEFORE_EVENT,-3,CONTEMPORANEITY_ONLY (인과 주장 없음),"연도 필드 비교(same/prev/next year); ONGOING=이전에 시작한 지속 제도, 종료일 미기록",DERIVED (temporal alignment)
E027,GUSUN_1793PLUS,1793-02-early,YEAR_MONTH,INTERPERSONAL_CONFLICT,전 부사(府名 미상),FORMER_OFFICIAL,JP020,JANGYONG,MILITARY_DEFENSE,화성 유수·장용외사 체계 정비,1793-01-12,MEDIUM,POINT_EVENT,SAME_YEAR,POLICY_BEFORE_EVENT,-1,CONTEMPORANEITY_ONLY (인과 주장 없음),"연도 필드 비교(same/prev/next year); ONGOING=이전에 시작한 지속 제도, 종료일 미기록",DERIVED (temporal alignment)
E027,GUSUN_1793PLUS,1793-02-early,YEAR_MONTH,INTERPERSONAL_CONFLICT,전 부사(府名 미상),FORMER_OFFICIAL,JP021,HWASEONG,LOCAL_ADMIN_URBAN,수원성 축조 하명,1794-01-15,MEDIUM,POINT_EVENT,NEXT_YEAR,POLICY_AFTER_EVENT,11,CONTEMPORANEITY_ONLY (인과 주장 없음),"연도 필드 비교(same/prev/next year); ONGOING=이전에 시작한 지속 제도, 종료일 미기록",DERIVED (temporal alignment)
E030,GUSUN_1793PLUS,1793-02-late,YEAR_MONTH,PRIVATE_CONTACT,전 부사(府名 미상),FORMER_OFFICIAL,JP002,GYUJANGGAK,POLITICS_PERSONNEL,규장각 설치,1776-09-25,MEDIUM,PERSISTENT_INSTITUTIONAL_CONTEXT,ONGOING_CONTEXT_STARTED_EARLIER,POLICY_BEFORE_EVENT,-197,CONTEMPORANEITY_ONLY (인과 주장 없음),"연도 필드 비교(same/prev/next year); ONGOING=이전에 시작한 지속 제도, 종료일 미기록",DERIVED (temporal alignment)
E030,GUSUN_1793PLUS,1793-02-late,YEAR_MONTH,PRIVATE_CONTACT,전 부사(府名 미상),FORMER_OFFICIAL,JP003,SEOEOL_HUTONG,SOCIAL_STATUS_PERSONNEL,정유절목 마련,1777-03-21,LOW,PERSISTENT_INSTITUTIONAL_CONTEXT,ONGOING_CONTEXT_STARTED_EARLIER,POLICY_BEFORE_EVENT,-191,CONTEMPORANEITY_ONLY (인과 주장 없음),"연도 필드 비교(same/prev/next year); ONGOING=이전에 시작한 지속 제도, 종료일 미기록",DERIVED (temporal alignment)
E030,GUSUN_1793PLUS,1793-02-late,YEAR_MONTH,PRIVATE_CONTACT,전 부사(府名 미상),FORMER_OFFICIAL,JP004,HEUMHYUL,LEGAL_JUSTICE,『흠휼전칙』 성립,1778-01-12,HIGH,PERSISTENT_INSTITUTIONAL_CONTEXT,ONGOING_CONTEXT_STARTED_EARLIER,POLICY_BEFORE_EVENT,-181,CONTEMPORANEITY_ONLY (인과 주장 없음),"연도 필드 비교(same/prev/next year); ONGOING=이전에 시작한 지속 제도, 종료일 미기록",DERIVED (temporal alignment)
E030,GUSUN_1793PLUS,1793-02-late,YEAR_MONTH,PRIVATE_CONTACT,전 부사(府名 미상),FORMER_OFFICIAL,JP005,GYUJANGGAK,POLITICS_PERSONNEL,검서관 설치,1779-03-27,LOW,PERSISTENT_INSTITUTIONAL_CONTEXT,ONGOING_CONTEXT_STARTED_EARLIER,POLICY_BEFORE_EVENT,-167,CONTEMPORANEITY_ONLY (인과 주장 없음),"연도 필드 비교(same/prev/next year); ONGOING=이전에 시작한 지속 제도, 종료일 미기록",DERIVED (temporal alignment)
E030,GUSUN_1793PLUS,1793-02-late,YEAR_MONTH,PRIVATE_CONTACT,전 부사(府名 미상),FORMER_OFFICIAL,JP006,CHOGYE,POLITICS_PERSONNEL,초계문신 선발 지시,1781-02-17,LOW,PERSISTENT_INSTITUTIONAL_CONTEXT,ONGOING_CONTEXT_STARTED_EARLIER,POLICY_BEFORE_EVENT,-144,CONTEMPORANEITY_ONLY (인과 주장 없음),"연도 필드 비교(same/prev/next year); ONGOING=이전에 시작한 지속 제도, 종료일 미기록",DERIVED (temporal alignment)
E030,GUSUN_1793PLUS,1793-02-late,YEAR_MONTH,PRIVATE_CONTACT,전 부사(府名 미상),FORMER_OFFICIAL,JP012,JANGYONG,MILITARY_DEFENSE,장용위 명명,1785-07-02,MEDIUM,PERSISTENT_INSTITUTIONAL_CONTEXT,ONGOING_CONTEXT_STARTED_EARLIER,POLICY_BEFORE_EVENT,-91,CONTEMPORANEITY_ONLY (인과 주장 없음),"연도 필드 비교(same/prev/next year); ONGOING=이전에 시작한 지속 제도, 종료일 미기록",DERIVED (temporal alignment)
E030,GUSUN_1793PLUS,1793-02-late,YEAR_MONTH,PRIVATE_CONTACT,전 부사(府名 미상),FORMER_OFFICIAL,JP013,DAEJEON_TONGPYEON,LEGAL_JUSTICE,『대전통편』 완성·반포,1785-09-11,HIGH,PERSISTENT_INSTITUTIONAL_CONTEXT,ONGOING_CONTEXT_STARTED_EARLIER,POLICY_BEFORE_EVENT,-89,CONTEMPORANEITY_ONLY (인과 주장 없음),"연도 필드 비교(same/prev/next year); ONGOING=이전에 시작한 지속 제도, 종료일 미기록",DERIVED (temporal alignment)
E030,GUSUN_1793PLUS,1793-02-late,YEAR_MONTH,PRIVATE_CONTACT,전 부사(府名 미상),FORMER_OFFICIAL,JP018,SINHAE_TONGGONG,ECONOMY_COMMERCE,신해통공 시행,1791-01-25,MEDIUM,PERSISTENT_INSTITUTIONAL_CONTEXT,ONGOING_CONTEXT_STARTED_EARLIER,POLICY_BEFORE_EVENT,-25,CONTEMPORANEITY_ONLY (인과 주장 없음),"연도 필드 비교(same/prev/next year); ONGOING=이전에 시작한 지속 제도, 종료일 미기록",DERIVED (temporal alignment)
E030,GUSUN_1793PLUS,1793-02-late,YEAR_MONTH,PRIVATE_CONTACT,전 부사(府名 미상),FORMER_OFFICIAL,JP019,MUWONROK,LEGAL_JUSTICE,『증수무원록』 간행·반포 명령,1792-11-20,HIGH,PERSISTENT_INSTITUTIONAL_CONTEXT,PREVIOUS_YEAR,POLICY_BEFORE_EVENT,-3,CONTEMPORANEITY_ONLY (인과 주장 없음),"연도 필드 비교(same/prev/next year); ONGOING=이전에 시작한 지속 제도, 종료일 미기록",DERIVED (temporal alignment)
E030,GUSUN_1793PLUS,1793-02-late,YEAR_MONTH,PRIVATE_CONTACT,전 부사(府名 미상),FORMER_OFFICIAL,JP020,JANGYONG,MILITARY_DEFENSE,화성 유수·장용외사 체계 정비,1793-01-12,MEDIUM,POINT_EVENT,SAME_YEAR,POLICY_BEFORE_EVENT,-1,CONTEMPORANEITY_ONLY (인과 주장 없음),"연도 필드 비교(same/prev/next year); ONGOING=이전에 시작한 지속 제도, 종료일 미기록",DERIVED (temporal alignment)
E030,GUSUN_1793PLUS,1793-02-late,YEAR_MONTH,PRIVATE_CONTACT,전 부사(府名 미상),FORMER_OFFICIAL,JP021,HWASEONG,LOCAL_ADMIN_URBAN,수원성 축조 하명,1794-01-15,MEDIUM,POINT_EVENT,NEXT_YEAR,POLICY_AFTER_EVENT,11,CONTEMPORANEITY_ONLY (인과 주장 없음),"연도 필드 비교(same/prev/next year); ONGOING=이전에 시작한 지속 제도, 종료일 미기록",DERIVED (temporal alignment)
E038,GUSUN_1793PLUS,1793-03,YEAR_MONTH,REPORT,전 부사(府名 미상),FORMER_OFFICIAL,JP002,GYUJANGGAK,POLITICS_PERSONNEL,규장각 설치,1776-09-25,MEDIUM,PERSISTENT_INSTITUTIONAL_CONTEXT,ONGOING_CONTEXT_STARTED_EARLIER,POLICY_BEFORE_EVENT,-198,CONTEMPORANEITY_ONLY (인과 주장 없음),"연도 필드 비교(same/prev/next year); ONGOING=이전에 시작한 지속 제도, 종료일 미기록",DERIVED (temporal alignment)
E038,GUSUN_1793PLUS,1793-03,YEAR_MONTH,REPORT,전 부사(府名 미상),FORMER_OFFICIAL,JP003,SEOEOL_HUTONG,SOCIAL_STATUS_PERSONNEL,정유절목 마련,1777-03-21,LOW,PERSISTENT_INSTITUTIONAL_CONTEXT,ONGOING_CONTEXT_STARTED_EARLIER,POLICY_BEFORE_EVENT,-192,CONTEMPORANEITY_ONLY (인과 주장 없음),"연도 필드 비교(same/prev/next year); ONGOING=이전에 시작한 지속 제도, 종료일 미기록",DERIVED (temporal alignment)
E038,GUSUN_1793PLUS,1793-03,YEAR_MONTH,REPORT,전 부사(府名 미상),FORMER_OFFICIAL,JP004,HEUMHYUL,LEGAL_JUSTICE,『흠휼전칙』 성립,1778-01-12,HIGH,PERSISTENT_INSTITUTIONAL_CONTEXT,ONGOING_CONTEXT_STARTED_EARLIER,POLICY_BEFORE_EVENT,-182,CONTEMPORANEITY_ONLY (인과 주장 없음),"연도 필드 비교(same/prev/next year); ONGOING=이전에 시작한 지속 제도, 종료일 미기록",DERIVED (temporal alignment)
E038,GUSUN_1793PLUS,1793-03,YEAR_MONTH,REPORT,전 부사(府名 미상),FORMER_OFFICIAL,JP005,GYUJANGGAK,POLITICS_PERSONNEL,검서관 설치,1779-03-27,LOW,PERSISTENT_INSTITUTIONAL_CONTEXT,ONGOING_CONTEXT_STARTED_EARLIER,POLICY_BEFORE_EVENT,-168,CONTEMPORANEITY_ONLY (인과 주장 없음),"연도 필드 비교(same/prev/next year); ONGOING=이전에 시작한 지속 제도, 종료일 미기록",DERIVED (temporal alignment)
E038,GUSUN_1793PLUS,1793-03,YEAR_MONTH,REPORT,전 부사(府名 미상),FORMER_OFFICIAL,JP006,CHOGYE,POLITICS_PERSONNEL,초계문신 선발 지시,1781-02-17,LOW,PERSISTENT_INSTITUTIONAL_CONTEXT,ONGOING_CONTEXT_STARTED_EARLIER,POLICY_BEFORE_EVENT,-145,CONTEMPORANEITY_ONLY (인과 주장 없음),"연도 필드 비교(same/prev/next year); ONGOING=이전에 시작한 지속 제도, 종료일 미기록",DERIVED (temporal alignment)
E038,GUSUN_1793PLUS,1793-03,YEAR_MONTH,REPORT,전 부사(府名 미상),FORMER_OFFICIAL,JP012,JANGYONG,MILITARY_DEFENSE,장용위 명명,1785-07-02,MEDIUM,PERSISTENT_INSTITUTIONAL_CONTEXT,ONGOING_CONTEXT_STARTED_EARLIER,POLICY_BEFORE_EVENT,-92,CONTEMPORANEITY_ONLY (인과 주장 없음),"연도 필드 비교(same/prev/next year); ONGOING=이전에 시작한 지속 제도, 종료일 미기록",DERIVED (temporal alignment)
E038,GUSUN_1793PLUS,1793-03,YEAR_MONTH,REPORT,전 부사(府名 미상),FORMER_OFFICIAL,JP013,DAEJEON_TONGPYEON,LEGAL_JUSTICE,『대전통편』 완성·반포,1785-09-11,HIGH,PERSISTENT_INSTITUTIONAL_CONTEXT,ONGOING_CONTEXT_STARTED_EARLIER,POLICY_BEFORE_EVENT,-90,CONTEMPORANEITY_ONLY (인과 주장 없음),"연도 필드 비교(same/prev/next year); ONGOING=이전에 시작한 지속 제도, 종료일 미기록",DERIVED (temporal alignment)
E038,GUSUN_1793PLUS,1793-03,YEAR_MONTH,REPORT,전 부사(府名 미상),FORMER_OFFICIAL,JP018,SINHAE_TONGGONG,ECONOMY_COMMERCE,신해통공 시행,1791-01-25,MEDIUM,PERSISTENT_INSTITUTIONAL_CONTEXT,ONGOING_CONTEXT_STARTED_EARLIER,POLICY_BEFORE_EVENT,-26,CONTEMPORANEITY_ONLY (인과 주장 없음),"연도 필드 비교(same/prev/next year); ONGOING=이전에 시작한 지속 제도, 종료일 미기록",DERIVED (temporal alignment)
E038,GUSUN_1793PLUS,1793-03,YEAR_MONTH,REPORT,전 부사(府名 미상),FORMER_OFFICIAL,JP019,MUWONROK,LEGAL_JUSTICE,『증수무원록』 간행·반포 명령,1792-11-20,HIGH,PERSISTENT_INSTITUTIONAL_CONTEXT,PREVIOUS_YEAR,POLICY_BEFORE_EVENT,-4,CONTEMPORANEITY_ONLY (인과 주장 없음),"연도 필드 비교(same/prev/next year); ONGOING=이전에 시작한 지속 제도, 종료일 미기록",DERIVED (temporal alignment)
E038,GUSUN_1793PLUS,1793-03,YEAR_MONTH,REPORT,전 부사(府名 미상),FORMER_OFFICIAL,JP020,JANGYONG,MILITARY_DEFENSE,화성 유수·장용외사 체계 정비,1793-01-12,MEDIUM,POINT_EVENT,SAME_YEAR,POLICY_BEFORE_EVENT,-2,CONTEMPORANEITY_ONLY (인과 주장 없음),"연도 필드 비교(same/prev/next year); ONGOING=이전에 시작한 지속 제도, 종료일 미기록",DERIVED (temporal alignment)
E038,GUSUN_1793PLUS,1793-03,YEAR_MONTH,REPORT,전 부사(府名 미상),FORMER_OFFICIAL,JP021,HWASEONG,LOCAL_ADMIN_URBAN,수원성 축조 하명,1794-01-15,MEDIUM,POINT_EVENT,NEXT_YEAR,POLICY_AFTER_EVENT,10,CONTEMPORANEITY_ONLY (인과 주장 없음),"연도 필드 비교(same/prev/next year); ONGOING=이전에 시작한 지속 제도, 종료일 미기록",DERIVED (temporal alignment)
E037,GUSUN_1793PLUS,1793-03-04,EXACT_DAY,PRIVATE_CONTACT,전 부사(府名 미상),FORMER_OFFICIAL,JP002,GYUJANGGAK,POLITICS_PERSONNEL,규장각 설치,1776-09-25,MEDIUM,PERSISTENT_INSTITUTIONAL_CONTEXT,ONGOING_CONTEXT_STARTED_EARLIER,POLICY_BEFORE_EVENT,-198,CONTEMPORANEITY_ONLY (인과 주장 없음),"연도 필드 비교(same/prev/next year); ONGOING=이전에 시작한 지속 제도, 종료일 미기록",DERIVED (temporal alignment)
E037,GUSUN_1793PLUS,1793-03-04,EXACT_DAY,PRIVATE_CONTACT,전 부사(府名 미상),FORMER_OFFICIAL,JP003,SEOEOL_HUTONG,SOCIAL_STATUS_PERSONNEL,정유절목 마련,1777-03-21,LOW,PERSISTENT_INSTITUTIONAL_CONTEXT,ONGOING_CONTEXT_STARTED_EARLIER,POLICY_BEFORE_EVENT,-192,CONTEMPORANEITY_ONLY (인과 주장 없음),"연도 필드 비교(same/prev/next year); ONGOING=이전에 시작한 지속 제도, 종료일 미기록",DERIVED (temporal alignment)
E037,GUSUN_1793PLUS,1793-03-04,EXACT_DAY,PRIVATE_CONTACT,전 부사(府名 미상),FORMER_OFFICIAL,JP004,HEUMHYUL,LEGAL_JUSTICE,『흠휼전칙』 성립,1778-01-12,HIGH,PERSISTENT_INSTITUTIONAL_CONTEXT,ONGOING_CONTEXT_STARTED_EARLIER,POLICY_BEFORE_EVENT,-182,CONTEMPORANEITY_ONLY (인과 주장 없음),"연도 필드 비교(same/prev/next year); ONGOING=이전에 시작한 지속 제도, 종료일 미기록",DERIVED (temporal alignment)
E037,GUSUN_1793PLUS,1793-03-04,EXACT_DAY,PRIVATE_CONTACT,전 부사(府名 미상),FORMER_OFFICIAL,JP005,GYUJANGGAK,POLITICS_PERSONNEL,검서관 설치,1779-03-27,LOW,PERSISTENT_INSTITUTIONAL_CONTEXT,ONGOING_CONTEXT_STARTED_EARLIER,POLICY_BEFORE_EVENT,-168,CONTEMPORANEITY_ONLY (인과 주장 없음),"연도 필드 비교(same/prev/next year); ONGOING=이전에 시작한 지속 제도, 종료일 미기록",DERIVED (temporal alignment)
E037,GUSUN_1793PLUS,1793-03-04,EXACT_DAY,PRIVATE_CONTACT,전 부사(府名 미상),FORMER_OFFICIAL,JP006,CHOGYE,POLITICS_PERSONNEL,초계문신 선발 지시,1781-02-17,LOW,PERSISTENT_INSTITUTIONAL_CONTEXT,ONGOING_CONTEXT_STARTED_EARLIER,POLICY_BEFORE_EVENT,-145,CONTEMPORANEITY_ONLY (인과 주장 없음),"연도 필드 비교(same/prev/next year); ONGOING=이전에 시작한 지속 제도, 종료일 미기록",DERIVED (temporal alignment)
E037,GUSUN_1793PLUS,1793-03-04,EXACT_DAY,PRIVATE_CONTACT,전 부사(府名 미상),FORMER_OFFICIAL,JP012,JANGYONG,MILITARY_DEFENSE,장용위 명명,1785-07-02,MEDIUM,PERSISTENT_INSTITUTIONAL_CONTEXT,ONGOING_CONTEXT_STARTED_EARLIER,POLICY_BEFORE_EVENT,-92,CONTEMPORANEITY_ONLY (인과 주장 없음),"연도 필드 비교(same/prev/next year); ONGOING=이전에 시작한 지속 제도, 종료일 미기록",DERIVED (temporal alignment)
E037,GUSUN_1793PLUS,1793-03-04,EXACT_DAY,PRIVATE_CONTACT,전 부사(府名 미상),FORMER_OFFICIAL,JP013,DAEJEON_TONGPYEON,LEGAL_JUSTICE,『대전통편』 완성·반포,1785-09-11,HIGH,PERSISTENT_INSTITUTIONAL_CONTEXT,ONGOING_CONTEXT_STARTED_EARLIER,POLICY_BEFORE_EVENT,-90,CONTEMPORANEITY_ONLY (인과 주장 없음),"연도 필드 비교(same/prev/next year); ONGOING=이전에 시작한 지속 제도, 종료일 미기록",DERIVED (temporal alignment)
E037,GUSUN_1793PLUS,1793-03-04,EXACT_DAY,PRIVATE_CONTACT,전 부사(府名 미상),FORMER_OFFICIAL,JP018,SINHAE_TONGGONG,ECONOMY_COMMERCE,신해통공 시행,1791-01-25,MEDIUM,PERSISTENT_INSTITUTIONAL_CONTEXT,ONGOING_CONTEXT_STARTED_EARLIER,POLICY_BEFORE_EVENT,-26,CONTEMPORANEITY_ONLY (인과 주장 없음),"연도 필드 비교(same/prev/next year); ONGOING=이전에 시작한 지속 제도, 종료일 미기록",DERIVED (temporal alignment)
E037,GUSUN_1793PLUS,1793-03-04,EXACT_DAY,PRIVATE_CONTACT,전 부사(府名 미상),FORMER_OFFICIAL,JP019,MUWONROK,LEGAL_JUSTICE,『증수무원록』 간행·반포 명령,1792-11-20,HIGH,PERSISTENT_INSTITUTIONAL_CONTEXT,PREVIOUS_YEAR,POLICY_BEFORE_EVENT,-4,CONTEMPORANEITY_ONLY (인과 주장 없음),"연도 필드 비교(same/prev/next year); ONGOING=이전에 시작한 지속 제도, 종료일 미기록",DERIVED (temporal alignment)
E037,GUSUN_1793PLUS,1793-03-04,EXACT_DAY,PRIVATE_CONTACT,전 부사(府名 미상),FORMER_OFFICIAL,JP020,JANGYONG,MILITARY_DEFENSE,화성 유수·장용외사 체계 정비,1793-01-12,MEDIUM,POINT_EVENT,SAME_YEAR,POLICY_BEFORE_EVENT,-2,CONTEMPORANEITY_ONLY (인과 주장 없음),"연도 필드 비교(same/prev/next year); ONGOING=이전에 시작한 지속 제도, 종료일 미기록",DERIVED (temporal alignment)
E037,GUSUN_1793PLUS,1793-03-04,EXACT_DAY,PRIVATE_CONTACT,전 부사(府名 미상),FORMER_OFFICIAL,JP021,HWASEONG,LOCAL_ADMIN_URBAN,수원성 축조 하명,1794-01-15,MEDIUM,POINT_EVENT,NEXT_YEAR,POLICY_AFTER_EVENT,10,CONTEMPORANEITY_ONLY (인과 주장 없음),"연도 필드 비교(same/prev/next year); ONGOING=이전에 시작한 지속 제도, 종료일 미기록",DERIVED (temporal alignment)
E050,GUSUN_1793PLUS,1793-05-12,EXACT_DAY,OFFICIAL_REPORT,전 부사(府名 미상),UNDER_INVESTIGATION,JP002,GYUJANGGAK,POLITICS_PERSONNEL,규장각 설치,1776-09-25,MEDIUM,PERSISTENT_INSTITUTIONAL_CONTEXT,ONGOING_CONTEXT_STARTED_EARLIER,POLICY_BEFORE_EVENT,-200,CONTEMPORANEITY_ONLY (인과 주장 없음),"연도 필드 비교(same/prev/next year); ONGOING=이전에 시작한 지속 제도, 종료일 미기록",DERIVED (temporal alignment)
E050,GUSUN_1793PLUS,1793-05-12,EXACT_DAY,OFFICIAL_REPORT,전 부사(府名 미상),UNDER_INVESTIGATION,JP003,SEOEOL_HUTONG,SOCIAL_STATUS_PERSONNEL,정유절목 마련,1777-03-21,LOW,PERSISTENT_INSTITUTIONAL_CONTEXT,ONGOING_CONTEXT_STARTED_EARLIER,POLICY_BEFORE_EVENT,-194,CONTEMPORANEITY_ONLY (인과 주장 없음),"연도 필드 비교(same/prev/next year); ONGOING=이전에 시작한 지속 제도, 종료일 미기록",DERIVED (temporal alignment)
E050,GUSUN_1793PLUS,1793-05-12,EXACT_DAY,OFFICIAL_REPORT,전 부사(府名 미상),UNDER_INVESTIGATION,JP004,HEUMHYUL,LEGAL_JUSTICE,『흠휼전칙』 성립,1778-01-12,HIGH,PERSISTENT_INSTITUTIONAL_CONTEXT,ONGOING_CONTEXT_STARTED_EARLIER,POLICY_BEFORE_EVENT,-184,CONTEMPORANEITY_ONLY (인과 주장 없음),"연도 필드 비교(same/prev/next year); ONGOING=이전에 시작한 지속 제도, 종료일 미기록",DERIVED (temporal alignment)
E050,GUSUN_1793PLUS,1793-05-12,EXACT_DAY,OFFICIAL_REPORT,전 부사(府名 미상),UNDER_INVESTIGATION,JP005,GYUJANGGAK,POLITICS_PERSONNEL,검서관 설치,1779-03-27,LOW,PERSISTENT_INSTITUTIONAL_CONTEXT,ONGOING_CONTEXT_STARTED_EARLIER,POLICY_BEFORE_EVENT,-170,CONTEMPORANEITY_ONLY (인과 주장 없음),"연도 필드 비교(same/prev/next year); ONGOING=이전에 시작한 지속 제도, 종료일 미기록",DERIVED (temporal alignment)
E050,GUSUN_1793PLUS,1793-05-12,EXACT_DAY,OFFICIAL_REPORT,전 부사(府名 미상),UNDER_INVESTIGATION,JP006,CHOGYE,POLITICS_PERSONNEL,초계문신 선발 지시,1781-02-17,LOW,PERSISTENT_INSTITUTIONAL_CONTEXT,ONGOING_CONTEXT_STARTED_EARLIER,POLICY_BEFORE_EVENT,-147,CONTEMPORANEITY_ONLY (인과 주장 없음),"연도 필드 비교(same/prev/next year); ONGOING=이전에 시작한 지속 제도, 종료일 미기록",DERIVED (temporal alignment)
E050,GUSUN_1793PLUS,1793-05-12,EXACT_DAY,OFFICIAL_REPORT,전 부사(府名 미상),UNDER_INVESTIGATION,JP012,JANGYONG,MILITARY_DEFENSE,장용위 명명,1785-07-02,MEDIUM,PERSISTENT_INSTITUTIONAL_CONTEXT,ONGOING_CONTEXT_STARTED_EARLIER,POLICY_BEFORE_EVENT,-94,CONTEMPORANEITY_ONLY (인과 주장 없음),"연도 필드 비교(same/prev/next year); ONGOING=이전에 시작한 지속 제도, 종료일 미기록",DERIVED (temporal alignment)
E050,GUSUN_1793PLUS,1793-05-12,EXACT_DAY,OFFICIAL_REPORT,전 부사(府名 미상),UNDER_INVESTIGATION,JP013,DAEJEON_TONGPYEON,LEGAL_JUSTICE,『대전통편』 완성·반포,1785-09-11,HIGH,PERSISTENT_INSTITUTIONAL_CONTEXT,ONGOING_CONTEXT_STARTED_EARLIER,POLICY_BEFORE_EVENT,-92,CONTEMPORANEITY_ONLY (인과 주장 없음),"연도 필드 비교(same/prev/next year); ONGOING=이전에 시작한 지속 제도, 종료일 미기록",DERIVED (temporal alignment)
E050,GUSUN_1793PLUS,1793-05-12,EXACT_DAY,OFFICIAL_REPORT,전 부사(府名 미상),UNDER_INVESTIGATION,JP018,SINHAE_TONGGONG,ECONOMY_COMMERCE,신해통공 시행,1791-01-25,MEDIUM,PERSISTENT_INSTITUTIONAL_CONTEXT,ONGOING_CONTEXT_STARTED_EARLIER,POLICY_BEFORE_EVENT,-28,CONTEMPORANEITY_ONLY (인과 주장 없음),"연도 필드 비교(same/prev/next year); ONGOING=이전에 시작한 지속 제도, 종료일 미기록",DERIVED (temporal alignment)
E050,GUSUN_1793PLUS,1793-05-12,EXACT_DAY,OFFICIAL_REPORT,전 부사(府名 미상),UNDER_INVESTIGATION,JP019,MUWONROK,LEGAL_JUSTICE,『증수무원록』 간행·반포 명령,1792-11-20,HIGH,PERSISTENT_INSTITUTIONAL_CONTEXT,PREVIOUS_YEAR,POLICY_BEFORE_EVENT,-6,CONTEMPORANEITY_ONLY (인과 주장 없음),"연도 필드 비교(same/prev/next year); ONGOING=이전에 시작한 지속 제도, 종료일 미기록",DERIVED (temporal alignment)
E050,GUSUN_1793PLUS,1793-05-12,EXACT_DAY,OFFICIAL_REPORT,전 부사(府名 미상),UNDER_INVESTIGATION,JP020,JANGYONG,MILITARY_DEFENSE,화성 유수·장용외사 체계 정비,1793-01-12,MEDIUM,POINT_EVENT,SAME_YEAR,POLICY_BEFORE_EVENT,-4,CONTEMPORANEITY_ONLY (인과 주장 없음),"연도 필드 비교(same/prev/next year); ONGOING=이전에 시작한 지속 제도, 종료일 미기록",DERIVED (temporal alignment)
E050,GUSUN_1793PLUS,1793-05-12,EXACT_DAY,OFFICIAL_REPORT,전 부사(府名 미상),UNDER_INVESTIGATION,JP021,HWASEONG,LOCAL_ADMIN_URBAN,수원성 축조 하명,1794-01-15,MEDIUM,POINT_EVENT,NEXT_YEAR,POLICY_AFTER_EVENT,8,CONTEMPORANEITY_ONLY (인과 주장 없음),"연도 필드 비교(same/prev/next year); ONGOING=이전에 시작한 지속 제도, 종료일 미기록",DERIVED (temporal alignment)
E051,GUSUN_1793PLUS,1793-05-12,EXACT_DAY,OFFICIAL_REPORT,전 부사(府名 미상),UNDER_INVESTIGATION,JP002,GYUJANGGAK,POLITICS_PERSONNEL,규장각 설치,1776-09-25,MEDIUM,PERSISTENT_INSTITUTIONAL_CONTEXT,ONGOING_CONTEXT_STARTED_EARLIER,POLICY_BEFORE_EVENT,-200,CONTEMPORANEITY_ONLY (인과 주장 없음),"연도 필드 비교(same/prev/next year); ONGOING=이전에 시작한 지속 제도, 종료일 미기록",DERIVED (temporal alignment)
E051,GUSUN_1793PLUS,1793-05-12,EXACT_DAY,OFFICIAL_REPORT,전 부사(府名 미상),UNDER_INVESTIGATION,JP003,SEOEOL_HUTONG,SOCIAL_STATUS_PERSONNEL,정유절목 마련,1777-03-21,LOW,PERSISTENT_INSTITUTIONAL_CONTEXT,ONGOING_CONTEXT_STARTED_EARLIER,POLICY_BEFORE_EVENT,-194,CONTEMPORANEITY_ONLY (인과 주장 없음),"연도 필드 비교(same/prev/next year); ONGOING=이전에 시작한 지속 제도, 종료일 미기록",DERIVED (temporal alignment)
E051,GUSUN_1793PLUS,1793-05-12,EXACT_DAY,OFFICIAL_REPORT,전 부사(府名 미상),UNDER_INVESTIGATION,JP004,HEUMHYUL,LEGAL_JUSTICE,『흠휼전칙』 성립,1778-01-12,HIGH,PERSISTENT_INSTITUTIONAL_CONTEXT,ONGOING_CONTEXT_STARTED_EARLIER,POLICY_BEFORE_EVENT,-184,CONTEMPORANEITY_ONLY (인과 주장 없음),"연도 필드 비교(same/prev/next year); ONGOING=이전에 시작한 지속 제도, 종료일 미기록",DERIVED (temporal alignment)
E051,GUSUN_1793PLUS,1793-05-12,EXACT_DAY,OFFICIAL_REPORT,전 부사(府名 미상),UNDER_INVESTIGATION,JP005,GYUJANGGAK,POLITICS_PERSONNEL,검서관 설치,1779-03-27,LOW,PERSISTENT_INSTITUTIONAL_CONTEXT,ONGOING_CONTEXT_STARTED_EARLIER,POLICY_BEFORE_EVENT,-170,CONTEMPORANEITY_ONLY (인과 주장 없음),"연도 필드 비교(same/prev/next year); ONGOING=이전에 시작한 지속 제도, 종료일 미기록",DERIVED (temporal alignment)
E051,GUSUN_1793PLUS,1793-05-12,EXACT_DAY,OFFICIAL_REPORT,전 부사(府名 미상),UNDER_INVESTIGATION,JP006,CHOGYE,POLITICS_PERSONNEL,초계문신 선발 지시,1781-02-17,LOW,PERSISTENT_INSTITUTIONAL_CONTEXT,ONGOING_CONTEXT_STARTED_EARLIER,POLICY_BEFORE_EVENT,-147,CONTEMPORANEITY_ONLY (인과 주장 없음),"연도 필드 비교(same/prev/next year); ONGOING=이전에 시작한 지속 제도, 종료일 미기록",DERIVED (temporal alignment)
E051,GUSUN_1793PLUS,1793-05-12,EXACT_DAY,OFFICIAL_REPORT,전 부사(府名 미상),UNDER_INVESTIGATION,JP012,JANGYONG,MILITARY_DEFENSE,장용위 명명,1785-07-02,MEDIUM,PERSISTENT_INSTITUTIONAL_CONTEXT,ONGOING_CONTEXT_STARTED_EARLIER,POLICY_BEFORE_EVENT,-94,CONTEMPORANEITY_ONLY (인과 주장 없음),"연도 필드 비교(same/prev/next year); ONGOING=이전에 시작한 지속 제도, 종료일 미기록",DERIVED (temporal alignment)
E051,GUSUN_1793PLUS,1793-05-12,EXACT_DAY,OFFICIAL_REPORT,전 부사(府名 미상),UNDER_INVESTIGATION,JP013,DAEJEON_TONGPYEON,LEGAL_JUSTICE,『대전통편』 완성·반포,1785-09-11,HIGH,PERSISTENT_INSTITUTIONAL_CONTEXT,ONGOING_CONTEXT_STARTED_EARLIER,POLICY_BEFORE_EVENT,-92,CONTEMPORANEITY_ONLY (인과 주장 없음),"연도 필드 비교(same/prev/next year); ONGOING=이전에 시작한 지속 제도, 종료일 미기록",DERIVED (temporal alignment)
E051,GUSUN_1793PLUS,1793-05-12,EXACT_DAY,OFFICIAL_REPORT,전 부사(府名 미상),UNDER_INVESTIGATION,JP018,SINHAE_TONGGONG,ECONOMY_COMMERCE,신해통공 시행,1791-01-25,MEDIUM,PERSISTENT_INSTITUTIONAL_CONTEXT,ONGOING_CONTEXT_STARTED_EARLIER,POLICY_BEFORE_EVENT,-28,CONTEMPORANEITY_ONLY (인과 주장 없음),"연도 필드 비교(same/prev/next year); ONGOING=이전에 시작한 지속 제도, 종료일 미기록",DERIVED (temporal alignment)
E051,GUSUN_1793PLUS,1793-05-12,EXACT_DAY,OFFICIAL_REPORT,전 부사(府名 미상),UNDER_INVESTIGATION,JP019,MUWONROK,LEGAL_JUSTICE,『증수무원록』 간행·반포 명령,1792-11-20,HIGH,PERSISTENT_INSTITUTIONAL_CONTEXT,PREVIOUS_YEAR,POLICY_BEFORE_EVENT,-6,CONTEMPORANEITY_ONLY (인과 주장 없음),"연도 필드 비교(same/prev/next year); ONGOING=이전에 시작한 지속 제도, 종료일 미기록",DERIVED (temporal alignment)
E051,GUSUN_1793PLUS,1793-05-12,EXACT_DAY,OFFICIAL_REPORT,전 부사(府名 미상),UNDER_INVESTIGATION,JP020,JANGYONG,MILITARY_DEFENSE,화성 유수·장용외사 체계 정비,1793-01-12,MEDIUM,POINT_EVENT,SAME_YEAR,POLICY_BEFORE_EVENT,-4,CONTEMPORANEITY_ONLY (인과 주장 없음),"연도 필드 비교(same/prev/next year); ONGOING=이전에 시작한 지속 제도, 종료일 미기록",DERIVED (temporal alignment)
E051,GUSUN_1793PLUS,1793-05-12,EXACT_DAY,OFFICIAL_REPORT,전 부사(府名 미상),UNDER_INVESTIGATION,JP021,HWASEONG,LOCAL_ADMIN_URBAN,수원성 축조 하명,1794-01-15,MEDIUM,POINT_EVENT,NEXT_YEAR,POLICY_AFTER_EVENT,8,CONTEMPORANEITY_ONLY (인과 주장 없음),"연도 필드 비교(same/prev/next year); ONGOING=이전에 시작한 지속 제도, 종료일 미기록",DERIVED (temporal alignment)
E055,GUSUN_1793PLUS,1793-05-12,EXACT_DAY,ARREST_DETENTION,전 부사(府名 미상),UNDER_INVESTIGATION,JP002,GYUJANGGAK,POLITICS_PERSONNEL,규장각 설치,1776-09-25,MEDIUM,PERSISTENT_INSTITUTIONAL_CONTEXT,ONGOING_CONTEXT_STARTED_EARLIER,POLICY_BEFORE_EVENT,-200,CONTEMPORANEITY_ONLY (인과 주장 없음),"연도 필드 비교(same/prev/next year); ONGOING=이전에 시작한 지속 제도, 종료일 미기록",DERIVED (temporal alignment)
E055,GUSUN_1793PLUS,1793-05-12,EXACT_DAY,ARREST_DETENTION,전 부사(府名 미상),UNDER_INVESTIGATION,JP003,SEOEOL_HUTONG,SOCIAL_STATUS_PERSONNEL,정유절목 마련,1777-03-21,LOW,PERSISTENT_INSTITUTIONAL_CONTEXT,ONGOING_CONTEXT_STARTED_EARLIER,POLICY_BEFORE_EVENT,-194,CONTEMPORANEITY_ONLY (인과 주장 없음),"연도 필드 비교(same/prev/next year); ONGOING=이전에 시작한 지속 제도, 종료일 미기록",DERIVED (temporal alignment)
E055,GUSUN_1793PLUS,1793-05-12,EXACT_DAY,ARREST_DETENTION,전 부사(府名 미상),UNDER_INVESTIGATION,JP004,HEUMHYUL,LEGAL_JUSTICE,『흠휼전칙』 성립,1778-01-12,HIGH,PERSISTENT_INSTITUTIONAL_CONTEXT,ONGOING_CONTEXT_STARTED_EARLIER,POLICY_BEFORE_EVENT,-184,CONTEMPORANEITY_ONLY (인과 주장 없음),"연도 필드 비교(same/prev/next year); ONGOING=이전에 시작한 지속 제도, 종료일 미기록",DERIVED (temporal alignment)
E055,GUSUN_1793PLUS,1793-05-12,EXACT_DAY,ARREST_DETENTION,전 부사(府名 미상),UNDER_INVESTIGATION,JP005,GYUJANGGAK,POLITICS_PERSONNEL,검서관 설치,1779-03-27,LOW,PERSISTENT_INSTITUTIONAL_CONTEXT,ONGOING_CONTEXT_STARTED_EARLIER,POLICY_BEFORE_EVENT,-170,CONTEMPORANEITY_ONLY (인과 주장 없음),"연도 필드 비교(same/prev/next year); ONGOING=이전에 시작한 지속 제도, 종료일 미기록",DERIVED (temporal alignment)
E055,GUSUN_1793PLUS,1793-05-12,EXACT_DAY,ARREST_DETENTION,전 부사(府名 미상),UNDER_INVESTIGATION,JP006,CHOGYE,POLITICS_PERSONNEL,초계문신 선발 지시,1781-02-17,LOW,PERSISTENT_INSTITUTIONAL_CONTEXT,ONGOING_CONTEXT_STARTED_EARLIER,POLICY_BEFORE_EVENT,-147,CONTEMPORANEITY_ONLY (인과 주장 없음),"연도 필드 비교(same/prev/next year); ONGOING=이전에 시작한 지속 제도, 종료일 미기록",DERIVED (temporal alignment)
E055,GUSUN_1793PLUS,1793-05-12,EXACT_DAY,ARREST_DETENTION,전 부사(府名 미상),UNDER_INVESTIGATION,JP012,JANGYONG,MILITARY_DEFENSE,장용위 명명,1785-07-02,MEDIUM,PERSISTENT_INSTITUTIONAL_CONTEXT,ONGOING_CONTEXT_STARTED_EARLIER,POLICY_BEFORE_EVENT,-94,CONTEMPORANEITY_ONLY (인과 주장 없음),"연도 필드 비교(same/prev/next year); ONGOING=이전에 시작한 지속 제도, 종료일 미기록",DERIVED (temporal alignment)
E055,GUSUN_1793PLUS,1793-05-12,EXACT_DAY,ARREST_DETENTION,전 부사(府名 미상),UNDER_INVESTIGATION,JP013,DAEJEON_TONGPYEON,LEGAL_JUSTICE,『대전통편』 완성·반포,1785-09-11,HIGH,PERSISTENT_INSTITUTIONAL_CONTEXT,ONGOING_CONTEXT_STARTED_EARLIER,POLICY_BEFORE_EVENT,-92,CONTEMPORANEITY_ONLY (인과 주장 없음),"연도 필드 비교(same/prev/next year); ONGOING=이전에 시작한 지속 제도, 종료일 미기록",DERIVED (temporal alignment)
E055,GUSUN_1793PLUS,1793-05-12,EXACT_DAY,ARREST_DETENTION,전 부사(府名 미상),UNDER_INVESTIGATION,JP018,SINHAE_TONGGONG,ECONOMY_COMMERCE,신해통공 시행,1791-01-25,MEDIUM,PERSISTENT_INSTITUTIONAL_CONTEXT,ONGOING_CONTEXT_STARTED_EARLIER,POLICY_BEFORE_EVENT,-28,CONTEMPORANEITY_ONLY (인과 주장 없음),"연도 필드 비교(same/prev/next year); ONGOING=이전에 시작한 지속 제도, 종료일 미기록",DERIVED (temporal alignment)
E055,GUSUN_1793PLUS,1793-05-12,EXACT_DAY,ARREST_DETENTION,전 부사(府名 미상),UNDER_INVESTIGATION,JP019,MUWONROK,LEGAL_JUSTICE,『증수무원록』 간행·반포 명령,1792-11-20,HIGH,PERSISTENT_INSTITUTIONAL_CONTEXT,PREVIOUS_YEAR,POLICY_BEFORE_EVENT,-6,CONTEMPORANEITY_ONLY (인과 주장 없음),"연도 필드 비교(same/prev/next year); ONGOING=이전에 시작한 지속 제도, 종료일 미기록",DERIVED (temporal alignment)
E055,GUSUN_1793PLUS,1793-05-12,EXACT_DAY,ARREST_DETENTION,전 부사(府名 미상),UNDER_INVESTIGATION,JP020,JANGYONG,MILITARY_DEFENSE,화성 유수·장용외사 체계 정비,1793-01-12,MEDIUM,POINT_EVENT,SAME_YEAR,POLICY_BEFORE_EVENT,-4,CONTEMPORANEITY_ONLY (인과 주장 없음),"연도 필드 비교(same/prev/next year); ONGOING=이전에 시작한 지속 제도, 종료일 미기록",DERIVED (temporal alignment)
E055,GUSUN_1793PLUS,1793-05-12,EXACT_DAY,ARREST_DETENTION,전 부사(府名 미상),UNDER_INVESTIGATION,JP021,HWASEONG,LOCAL_ADMIN_URBAN,수원성 축조 하명,1794-01-15,MEDIUM,POINT_EVENT,NEXT_YEAR,POLICY_AFTER_EVENT,8,CONTEMPORANEITY_ONLY (인과 주장 없음),"연도 필드 비교(same/prev/next year); ONGOING=이전에 시작한 지속 제도, 종료일 미기록",DERIVED (temporal alignment)
E084,GUSUN_1793PLUS,1793-05-12,EXACT_DAY,ACCUSATION_ACT,전 부사(府名 미상),FORMER_OFFICIAL,JP002,GYUJANGGAK,POLITICS_PERSONNEL,규장각 설치,1776-09-25,MEDIUM,PERSISTENT_INSTITUTIONAL_CONTEXT,ONGOING_CONTEXT_STARTED_EARLIER,POLICY_BEFORE_EVENT,-200,CONTEMPORANEITY_ONLY (인과 주장 없음),"연도 필드 비교(same/prev/next year); ONGOING=이전에 시작한 지속 제도, 종료일 미기록",DERIVED (temporal alignment)
E084,GUSUN_1793PLUS,1793-05-12,EXACT_DAY,ACCUSATION_ACT,전 부사(府名 미상),FORMER_OFFICIAL,JP003,SEOEOL_HUTONG,SOCIAL_STATUS_PERSONNEL,정유절목 마련,1777-03-21,LOW,PERSISTENT_INSTITUTIONAL_CONTEXT,ONGOING_CONTEXT_STARTED_EARLIER,POLICY_BEFORE_EVENT,-194,CONTEMPORANEITY_ONLY (인과 주장 없음),"연도 필드 비교(same/prev/next year); ONGOING=이전에 시작한 지속 제도, 종료일 미기록",DERIVED (temporal alignment)
E084,GUSUN_1793PLUS,1793-05-12,EXACT_DAY,ACCUSATION_ACT,전 부사(府名 미상),FORMER_OFFICIAL,JP004,HEUMHYUL,LEGAL_JUSTICE,『흠휼전칙』 성립,1778-01-12,HIGH,PERSISTENT_INSTITUTIONAL_CONTEXT,ONGOING_CONTEXT_STARTED_EARLIER,POLICY_BEFORE_EVENT,-184,CONTEMPORANEITY_ONLY (인과 주장 없음),"연도 필드 비교(same/prev/next year); ONGOING=이전에 시작한 지속 제도, 종료일 미기록",DERIVED (temporal alignment)
E084,GUSUN_1793PLUS,1793-05-12,EXACT_DAY,ACCUSATION_ACT,전 부사(府名 미상),FORMER_OFFICIAL,JP005,GYUJANGGAK,POLITICS_PERSONNEL,검서관 설치,1779-03-27,LOW,PERSISTENT_INSTITUTIONAL_CONTEXT,ONGOING_CONTEXT_STARTED_EARLIER,POLICY_BEFORE_EVENT,-170,CONTEMPORANEITY_ONLY (인과 주장 없음),"연도 필드 비교(same/prev/next year); ONGOING=이전에 시작한 지속 제도, 종료일 미기록",DERIVED (temporal alignment)
E084,GUSUN_1793PLUS,1793-05-12,EXACT_DAY,ACCUSATION_ACT,전 부사(府名 미상),FORMER_OFFICIAL,JP006,CHOGYE,POLITICS_PERSONNEL,초계문신 선발 지시,1781-02-17,LOW,PERSISTENT_INSTITUTIONAL_CONTEXT,ONGOING_CONTEXT_STARTED_EARLIER,POLICY_BEFORE_EVENT,-147,CONTEMPORANEITY_ONLY (인과 주장 없음),"연도 필드 비교(same/prev/next year); ONGOING=이전에 시작한 지속 제도, 종료일 미기록",DERIVED (temporal alignment)
E084,GUSUN_1793PLUS,1793-05-12,EXACT_DAY,ACCUSATION_ACT,전 부사(府名 미상),FORMER_OFFICIAL,JP012,JANGYONG,MILITARY_DEFENSE,장용위 명명,1785-07-02,MEDIUM,PERSISTENT_INSTITUTIONAL_CONTEXT,ONGOING_CONTEXT_STARTED_EARLIER,POLICY_BEFORE_EVENT,-94,CONTEMPORANEITY_ONLY (인과 주장 없음),"연도 필드 비교(same/prev/next year); ONGOING=이전에 시작한 지속 제도, 종료일 미기록",DERIVED (temporal alignment)
E084,GUSUN_1793PLUS,1793-05-12,EXACT_DAY,ACCUSATION_ACT,전 부사(府名 미상),FORMER_OFFICIAL,JP013,DAEJEON_TONGPYEON,LEGAL_JUSTICE,『대전통편』 완성·반포,1785-09-11,HIGH,PERSISTENT_INSTITUTIONAL_CONTEXT,ONGOING_CONTEXT_STARTED_EARLIER,POLICY_BEFORE_EVENT,-92,CONTEMPORANEITY_ONLY (인과 주장 없음),"연도 필드 비교(same/prev/next year); ONGOING=이전에 시작한 지속 제도, 종료일 미기록",DERIVED (temporal alignment)
E084,GUSUN_1793PLUS,1793-05-12,EXACT_DAY,ACCUSATION_ACT,전 부사(府名 미상),FORMER_OFFICIAL,JP018,SINHAE_TONGGONG,ECONOMY_COMMERCE,신해통공 시행,1791-01-25,MEDIUM,PERSISTENT_INSTITUTIONAL_CONTEXT,ONGOING_CONTEXT_STARTED_EARLIER,POLICY_BEFORE_EVENT,-28,CONTEMPORANEITY_ONLY (인과 주장 없음),"연도 필드 비교(same/prev/next year); ONGOING=이전에 시작한 지속 제도, 종료일 미기록",DERIVED (temporal alignment)
E084,GUSUN_1793PLUS,1793-05-12,EXACT_DAY,ACCUSATION_ACT,전 부사(府名 미상),FORMER_OFFICIAL,JP019,MUWONROK,LEGAL_JUSTICE,『증수무원록』 간행·반포 명령,1792-11-20,HIGH,PERSISTENT_INSTITUTIONAL_CONTEXT,PREVIOUS_YEAR,POLICY_BEFORE_EVENT,-6,CONTEMPORANEITY_ONLY (인과 주장 없음),"연도 필드 비교(same/prev/next year); ONGOING=이전에 시작한 지속 제도, 종료일 미기록",DERIVED (temporal alignment)
E084,GUSUN_1793PLUS,1793-05-12,EXACT_DAY,ACCUSATION_ACT,전 부사(府名 미상),FORMER_OFFICIAL,JP020,JANGYONG,MILITARY_DEFENSE,화성 유수·장용외사 체계 정비,1793-01-12,MEDIUM,POINT_EVENT,SAME_YEAR,POLICY_BEFORE_EVENT,-4,CONTEMPORANEITY_ONLY (인과 주장 없음),"연도 필드 비교(same/prev/next year); ONGOING=이전에 시작한 지속 제도, 종료일 미기록",DERIVED (temporal alignment)
E084,GUSUN_1793PLUS,1793-05-12,EXACT_DAY,ACCUSATION_ACT,전 부사(府名 미상),FORMER_OFFICIAL,JP021,HWASEONG,LOCAL_ADMIN_URBAN,수원성 축조 하명,1794-01-15,MEDIUM,POINT_EVENT,NEXT_YEAR,POLICY_AFTER_EVENT,8,CONTEMPORANEITY_ONLY (인과 주장 없음),"연도 필드 비교(same/prev/next year); ONGOING=이전에 시작한 지속 제도, 종료일 미기록",DERIVED (temporal alignment)
E085,GUSUN_1793PLUS,1793-05-12,EXACT_DAY,ALLEGED_ACT,전 부사(府名 미상),FORMER_OFFICIAL,JP002,GYUJANGGAK,POLITICS_PERSONNEL,규장각 설치,1776-09-25,MEDIUM,PERSISTENT_INSTITUTIONAL_CONTEXT,ONGOING_CONTEXT_STARTED_EARLIER,POLICY_BEFORE_EVENT,-200,CONTEMPORANEITY_ONLY (인과 주장 없음),"연도 필드 비교(same/prev/next year); ONGOING=이전에 시작한 지속 제도, 종료일 미기록",DERIVED (temporal alignment)
E085,GUSUN_1793PLUS,1793-05-12,EXACT_DAY,ALLEGED_ACT,전 부사(府名 미상),FORMER_OFFICIAL,JP003,SEOEOL_HUTONG,SOCIAL_STATUS_PERSONNEL,정유절목 마련,1777-03-21,LOW,PERSISTENT_INSTITUTIONAL_CONTEXT,ONGOING_CONTEXT_STARTED_EARLIER,POLICY_BEFORE_EVENT,-194,CONTEMPORANEITY_ONLY (인과 주장 없음),"연도 필드 비교(same/prev/next year); ONGOING=이전에 시작한 지속 제도, 종료일 미기록",DERIVED (temporal alignment)
E085,GUSUN_1793PLUS,1793-05-12,EXACT_DAY,ALLEGED_ACT,전 부사(府名 미상),FORMER_OFFICIAL,JP004,HEUMHYUL,LEGAL_JUSTICE,『흠휼전칙』 성립,1778-01-12,HIGH,PERSISTENT_INSTITUTIONAL_CONTEXT,ONGOING_CONTEXT_STARTED_EARLIER,POLICY_BEFORE_EVENT,-184,CONTEMPORANEITY_ONLY (인과 주장 없음),"연도 필드 비교(same/prev/next year); ONGOING=이전에 시작한 지속 제도, 종료일 미기록",DERIVED (temporal alignment)
E085,GUSUN_1793PLUS,1793-05-12,EXACT_DAY,ALLEGED_ACT,전 부사(府名 미상),FORMER_OFFICIAL,JP005,GYUJANGGAK,POLITICS_PERSONNEL,검서관 설치,1779-03-27,LOW,PERSISTENT_INSTITUTIONAL_CONTEXT,ONGOING_CONTEXT_STARTED_EARLIER,POLICY_BEFORE_EVENT,-170,CONTEMPORANEITY_ONLY (인과 주장 없음),"연도 필드 비교(same/prev/next year); ONGOING=이전에 시작한 지속 제도, 종료일 미기록",DERIVED (temporal alignment)
E085,GUSUN_1793PLUS,1793-05-12,EXACT_DAY,ALLEGED_ACT,전 부사(府名 미상),FORMER_OFFICIAL,JP006,CHOGYE,POLITICS_PERSONNEL,초계문신 선발 지시,1781-02-17,LOW,PERSISTENT_INSTITUTIONAL_CONTEXT,ONGOING_CONTEXT_STARTED_EARLIER,POLICY_BEFORE_EVENT,-147,CONTEMPORANEITY_ONLY (인과 주장 없음),"연도 필드 비교(same/prev/next year); ONGOING=이전에 시작한 지속 제도, 종료일 미기록",DERIVED (temporal alignment)
E085,GUSUN_1793PLUS,1793-05-12,EXACT_DAY,ALLEGED_ACT,전 부사(府名 미상),FORMER_OFFICIAL,JP012,JANGYONG,MILITARY_DEFENSE,장용위 명명,1785-07-02,MEDIUM,PERSISTENT_INSTITUTIONAL_CONTEXT,ONGOING_CONTEXT_STARTED_EARLIER,POLICY_BEFORE_EVENT,-94,CONTEMPORANEITY_ONLY (인과 주장 없음),"연도 필드 비교(same/prev/next year); ONGOING=이전에 시작한 지속 제도, 종료일 미기록",DERIVED (temporal alignment)
E085,GUSUN_1793PLUS,1793-05-12,EXACT_DAY,ALLEGED_ACT,전 부사(府名 미상),FORMER_OFFICIAL,JP013,DAEJEON_TONGPYEON,LEGAL_JUSTICE,『대전통편』 완성·반포,1785-09-11,HIGH,PERSISTENT_INSTITUTIONAL_CONTEXT,ONGOING_CONTEXT_STARTED_EARLIER,POLICY_BEFORE_EVENT,-92,CONTEMPORANEITY_ONLY (인과 주장 없음),"연도 필드 비교(same/prev/next year); ONGOING=이전에 시작한 지속 제도, 종료일 미기록",DERIVED (temporal alignment)
E085,GUSUN_1793PLUS,1793-05-12,EXACT_DAY,ALLEGED_ACT,전 부사(府名 미상),FORMER_OFFICIAL,JP018,SINHAE_TONGGONG,ECONOMY_COMMERCE,신해통공 시행,1791-01-25,MEDIUM,PERSISTENT_INSTITUTIONAL_CONTEXT,ONGOING_CONTEXT_STARTED_EARLIER,POLICY_BEFORE_EVENT,-28,CONTEMPORANEITY_ONLY (인과 주장 없음),"연도 필드 비교(same/prev/next year); ONGOING=이전에 시작한 지속 제도, 종료일 미기록",DERIVED (temporal alignment)
E085,GUSUN_1793PLUS,1793-05-12,EXACT_DAY,ALLEGED_ACT,전 부사(府名 미상),FORMER_OFFICIAL,JP019,MUWONROK,LEGAL_JUSTICE,『증수무원록』 간행·반포 명령,1792-11-20,HIGH,PERSISTENT_INSTITUTIONAL_CONTEXT,PREVIOUS_YEAR,POLICY_BEFORE_EVENT,-6,CONTEMPORANEITY_ONLY (인과 주장 없음),"연도 필드 비교(same/prev/next year); ONGOING=이전에 시작한 지속 제도, 종료일 미기록",DERIVED (temporal alignment)
E085,GUSUN_1793PLUS,1793-05-12,EXACT_DAY,ALLEGED_ACT,전 부사(府名 미상),FORMER_OFFICIAL,JP020,JANGYONG,MILITARY_DEFENSE,화성 유수·장용외사 체계 정비,1793-01-12,MEDIUM,POINT_EVENT,SAME_YEAR,POLICY_BEFORE_EVENT,-4,CONTEMPORANEITY_ONLY (인과 주장 없음),"연도 필드 비교(same/prev/next year); ONGOING=이전에 시작한 지속 제도, 종료일 미기록",DERIVED (temporal alignment)
E085,GUSUN_1793PLUS,1793-05-12,EXACT_DAY,ALLEGED_ACT,전 부사(府名 미상),FORMER_OFFICIAL,JP021,HWASEONG,LOCAL_ADMIN_URBAN,수원성 축조 하명,1794-01-15,MEDIUM,POINT_EVENT,NEXT_YEAR,POLICY_AFTER_EVENT,8,CONTEMPORANEITY_ONLY (인과 주장 없음),"연도 필드 비교(same/prev/next year); ONGOING=이전에 시작한 지속 제도, 종료일 미기록",DERIVED (temporal alignment)
E086,GUSUN_1793PLUS,1793-05-12,EXACT_DAY,ALLEGED_ACT,전 부사(府名 미상),FORMER_OFFICIAL,JP002,GYUJANGGAK,POLITICS_PERSONNEL,규장각 설치,1776-09-25,MEDIUM,PERSISTENT_INSTITUTIONAL_CONTEXT,ONGOING_CONTEXT_STARTED_EARLIER,POLICY_BEFORE_EVENT,-200,CONTEMPORANEITY_ONLY (인과 주장 없음),"연도 필드 비교(same/prev/next year); ONGOING=이전에 시작한 지속 제도, 종료일 미기록",DERIVED (temporal alignment)
E086,GUSUN_1793PLUS,1793-05-12,EXACT_DAY,ALLEGED_ACT,전 부사(府名 미상),FORMER_OFFICIAL,JP003,SEOEOL_HUTONG,SOCIAL_STATUS_PERSONNEL,정유절목 마련,1777-03-21,LOW,PERSISTENT_INSTITUTIONAL_CONTEXT,ONGOING_CONTEXT_STARTED_EARLIER,POLICY_BEFORE_EVENT,-194,CONTEMPORANEITY_ONLY (인과 주장 없음),"연도 필드 비교(same/prev/next year); ONGOING=이전에 시작한 지속 제도, 종료일 미기록",DERIVED (temporal alignment)
E086,GUSUN_1793PLUS,1793-05-12,EXACT_DAY,ALLEGED_ACT,전 부사(府名 미상),FORMER_OFFICIAL,JP004,HEUMHYUL,LEGAL_JUSTICE,『흠휼전칙』 성립,1778-01-12,HIGH,PERSISTENT_INSTITUTIONAL_CONTEXT,ONGOING_CONTEXT_STARTED_EARLIER,POLICY_BEFORE_EVENT,-184,CONTEMPORANEITY_ONLY (인과 주장 없음),"연도 필드 비교(same/prev/next year); ONGOING=이전에 시작한 지속 제도, 종료일 미기록",DERIVED (temporal alignment)
E086,GUSUN_1793PLUS,1793-05-12,EXACT_DAY,ALLEGED_ACT,전 부사(府名 미상),FORMER_OFFICIAL,JP005,GYUJANGGAK,POLITICS_PERSONNEL,검서관 설치,1779-03-27,LOW,PERSISTENT_INSTITUTIONAL_CONTEXT,ONGOING_CONTEXT_STARTED_EARLIER,POLICY_BEFORE_EVENT,-170,CONTEMPORANEITY_ONLY (인과 주장 없음),"연도 필드 비교(same/prev/next year); ONGOING=이전에 시작한 지속 제도, 종료일 미기록",DERIVED (temporal alignment)
E086,GUSUN_1793PLUS,1793-05-12,EXACT_DAY,ALLEGED_ACT,전 부사(府名 미상),FORMER_OFFICIAL,JP006,CHOGYE,POLITICS_PERSONNEL,초계문신 선발 지시,1781-02-17,LOW,PERSISTENT_INSTITUTIONAL_CONTEXT,ONGOING_CONTEXT_STARTED_EARLIER,POLICY_BEFORE_EVENT,-147,CONTEMPORANEITY_ONLY (인과 주장 없음),"연도 필드 비교(same/prev/next year); ONGOING=이전에 시작한 지속 제도, 종료일 미기록",DERIVED (temporal alignment)
E086,GUSUN_1793PLUS,1793-05-12,EXACT_DAY,ALLEGED_ACT,전 부사(府名 미상),FORMER_OFFICIAL,JP012,JANGYONG,MILITARY_DEFENSE,장용위 명명,1785-07-02,MEDIUM,PERSISTENT_INSTITUTIONAL_CONTEXT,ONGOING_CONTEXT_STARTED_EARLIER,POLICY_BEFORE_EVENT,-94,CONTEMPORANEITY_ONLY (인과 주장 없음),"연도 필드 비교(same/prev/next year); ONGOING=이전에 시작한 지속 제도, 종료일 미기록",DERIVED (temporal alignment)
E086,GUSUN_1793PLUS,1793-05-12,EXACT_DAY,ALLEGED_ACT,전 부사(府名 미상),FORMER_OFFICIAL,JP013,DAEJEON_TONGPYEON,LEGAL_JUSTICE,『대전통편』 완성·반포,1785-09-11,HIGH,PERSISTENT_INSTITUTIONAL_CONTEXT,ONGOING_CONTEXT_STARTED_EARLIER,POLICY_BEFORE_EVENT,-92,CONTEMPORANEITY_ONLY (인과 주장 없음),"연도 필드 비교(same/prev/next year); ONGOING=이전에 시작한 지속 제도, 종료일 미기록",DERIVED (temporal alignment)
E086,GUSUN_1793PLUS,1793-05-12,EXACT_DAY,ALLEGED_ACT,전 부사(府名 미상),FORMER_OFFICIAL,JP018,SINHAE_TONGGONG,ECONOMY_COMMERCE,신해통공 시행,1791-01-25,MEDIUM,PERSISTENT_INSTITUTIONAL_CONTEXT,ONGOING_CONTEXT_STARTED_EARLIER,POLICY_BEFORE_EVENT,-28,CONTEMPORANEITY_ONLY (인과 주장 없음),"연도 필드 비교(same/prev/next year); ONGOING=이전에 시작한 지속 제도, 종료일 미기록",DERIVED (temporal alignment)
E086,GUSUN_1793PLUS,1793-05-12,EXACT_DAY,ALLEGED_ACT,전 부사(府名 미상),FORMER_OFFICIAL,JP019,MUWONROK,LEGAL_JUSTICE,『증수무원록』 간행·반포 명령,1792-11-20,HIGH,PERSISTENT_INSTITUTIONAL_CONTEXT,PREVIOUS_YEAR,POLICY_BEFORE_EVENT,-6,CONTEMPORANEITY_ONLY (인과 주장 없음),"연도 필드 비교(same/prev/next year); ONGOING=이전에 시작한 지속 제도, 종료일 미기록",DERIVED (temporal alignment)
E086,GUSUN_1793PLUS,1793-05-12,EXACT_DAY,ALLEGED_ACT,전 부사(府名 미상),FORMER_OFFICIAL,JP020,JANGYONG,MILITARY_DEFENSE,화성 유수·장용외사 체계 정비,1793-01-12,MEDIUM,POINT_EVENT,SAME_YEAR,POLICY_BEFORE_EVENT,-4,CONTEMPORANEITY_ONLY (인과 주장 없음),"연도 필드 비교(same/prev/next year); ONGOING=이전에 시작한 지속 제도, 종료일 미기록",DERIVED (temporal alignment)
E086,GUSUN_1793PLUS,1793-05-12,EXACT_DAY,ALLEGED_ACT,전 부사(府名 미상),FORMER_OFFICIAL,JP021,HWASEONG,LOCAL_ADMIN_URBAN,수원성 축조 하명,1794-01-15,MEDIUM,POINT_EVENT,NEXT_YEAR,POLICY_AFTER_EVENT,8,CONTEMPORANEITY_ONLY (인과 주장 없음),"연도 필드 비교(same/prev/next year); ONGOING=이전에 시작한 지속 제도, 종료일 미기록",DERIVED (temporal alignment)
E056,GUSUN_1793PLUS,1793-05-27,EXACT_DAY,OFFICIAL_REPORT,전 부사(府名 미상),IMPRISONED,JP002,GYUJANGGAK,POLITICS_PERSONNEL,규장각 설치,1776-09-25,MEDIUM,PERSISTENT_INSTITUTIONAL_CONTEXT,ONGOING_CONTEXT_STARTED_EARLIER,POLICY_BEFORE_EVENT,-200,CONTEMPORANEITY_ONLY (인과 주장 없음),"연도 필드 비교(same/prev/next year); ONGOING=이전에 시작한 지속 제도, 종료일 미기록",DERIVED (temporal alignment)
E056,GUSUN_1793PLUS,1793-05-27,EXACT_DAY,OFFICIAL_REPORT,전 부사(府名 미상),IMPRISONED,JP003,SEOEOL_HUTONG,SOCIAL_STATUS_PERSONNEL,정유절목 마련,1777-03-21,LOW,PERSISTENT_INSTITUTIONAL_CONTEXT,ONGOING_CONTEXT_STARTED_EARLIER,POLICY_BEFORE_EVENT,-194,CONTEMPORANEITY_ONLY (인과 주장 없음),"연도 필드 비교(same/prev/next year); ONGOING=이전에 시작한 지속 제도, 종료일 미기록",DERIVED (temporal alignment)
E056,GUSUN_1793PLUS,1793-05-27,EXACT_DAY,OFFICIAL_REPORT,전 부사(府名 미상),IMPRISONED,JP004,HEUMHYUL,LEGAL_JUSTICE,『흠휼전칙』 성립,1778-01-12,HIGH,PERSISTENT_INSTITUTIONAL_CONTEXT,ONGOING_CONTEXT_STARTED_EARLIER,POLICY_BEFORE_EVENT,-184,CONTEMPORANEITY_ONLY (인과 주장 없음),"연도 필드 비교(same/prev/next year); ONGOING=이전에 시작한 지속 제도, 종료일 미기록",DERIVED (temporal alignment)
E056,GUSUN_1793PLUS,1793-05-27,EXACT_DAY,OFFICIAL_REPORT,전 부사(府名 미상),IMPRISONED,JP005,GYUJANGGAK,POLITICS_PERSONNEL,검서관 설치,1779-03-27,LOW,PERSISTENT_INSTITUTIONAL_CONTEXT,ONGOING_CONTEXT_STARTED_EARLIER,POLICY_BEFORE_EVENT,-170,CONTEMPORANEITY_ONLY (인과 주장 없음),"연도 필드 비교(same/prev/next year); ONGOING=이전에 시작한 지속 제도, 종료일 미기록",DERIVED (temporal alignment)
E056,GUSUN_1793PLUS,1793-05-27,EXACT_DAY,OFFICIAL_REPORT,전 부사(府名 미상),IMPRISONED,JP006,CHOGYE,POLITICS_PERSONNEL,초계문신 선발 지시,1781-02-17,LOW,PERSISTENT_INSTITUTIONAL_CONTEXT,ONGOING_CONTEXT_STARTED_EARLIER,POLICY_BEFORE_EVENT,-147,CONTEMPORANEITY_ONLY (인과 주장 없음),"연도 필드 비교(same/prev/next year); ONGOING=이전에 시작한 지속 제도, 종료일 미기록",DERIVED (temporal alignment)
E056,GUSUN_1793PLUS,1793-05-27,EXACT_DAY,OFFICIAL_REPORT,전 부사(府名 미상),IMPRISONED,JP012,JANGYONG,MILITARY_DEFENSE,장용위 명명,1785-07-02,MEDIUM,PERSISTENT_INSTITUTIONAL_CONTEXT,ONGOING_CONTEXT_STARTED_EARLIER,POLICY_BEFORE_EVENT,-94,CONTEMPORANEITY_ONLY (인과 주장 없음),"연도 필드 비교(same/prev/next year); ONGOING=이전에 시작한 지속 제도, 종료일 미기록",DERIVED (temporal alignment)
E056,GUSUN_1793PLUS,1793-05-27,EXACT_DAY,OFFICIAL_REPORT,전 부사(府名 미상),IMPRISONED,JP013,DAEJEON_TONGPYEON,LEGAL_JUSTICE,『대전통편』 완성·반포,1785-09-11,HIGH,PERSISTENT_INSTITUTIONAL_CONTEXT,ONGOING_CONTEXT_STARTED_EARLIER,POLICY_BEFORE_EVENT,-92,CONTEMPORANEITY_ONLY (인과 주장 없음),"연도 필드 비교(same/prev/next year); ONGOING=이전에 시작한 지속 제도, 종료일 미기록",DERIVED (temporal alignment)
E056,GUSUN_1793PLUS,1793-05-27,EXACT_DAY,OFFICIAL_REPORT,전 부사(府名 미상),IMPRISONED,JP018,SINHAE_TONGGONG,ECONOMY_COMMERCE,신해통공 시행,1791-01-25,MEDIUM,PERSISTENT_INSTITUTIONAL_CONTEXT,ONGOING_CONTEXT_STARTED_EARLIER,POLICY_BEFORE_EVENT,-28,CONTEMPORANEITY_ONLY (인과 주장 없음),"연도 필드 비교(same/prev/next year); ONGOING=이전에 시작한 지속 제도, 종료일 미기록",DERIVED (temporal alignment)
E056,GUSUN_1793PLUS,1793-05-27,EXACT_DAY,OFFICIAL_REPORT,전 부사(府名 미상),IMPRISONED,JP019,MUWONROK,LEGAL_JUSTICE,『증수무원록』 간행·반포 명령,1792-11-20,HIGH,PERSISTENT_INSTITUTIONAL_CONTEXT,PREVIOUS_YEAR,POLICY_BEFORE_EVENT,-6,CONTEMPORANEITY_ONLY (인과 주장 없음),"연도 필드 비교(same/prev/next year); ONGOING=이전에 시작한 지속 제도, 종료일 미기록",DERIVED (temporal alignment)
E056,GUSUN_1793PLUS,1793-05-27,EXACT_DAY,OFFICIAL_REPORT,전 부사(府名 미상),IMPRISONED,JP020,JANGYONG,MILITARY_DEFENSE,화성 유수·장용외사 체계 정비,1793-01-12,MEDIUM,POINT_EVENT,SAME_YEAR,POLICY_BEFORE_EVENT,-4,CONTEMPORANEITY_ONLY (인과 주장 없음),"연도 필드 비교(same/prev/next year); ONGOING=이전에 시작한 지속 제도, 종료일 미기록",DERIVED (temporal alignment)
E056,GUSUN_1793PLUS,1793-05-27,EXACT_DAY,OFFICIAL_REPORT,전 부사(府名 미상),IMPRISONED,JP021,HWASEONG,LOCAL_ADMIN_URBAN,수원성 축조 하명,1794-01-15,MEDIUM,POINT_EVENT,NEXT_YEAR,POLICY_AFTER_EVENT,8,CONTEMPORANEITY_ONLY (인과 주장 없음),"연도 필드 비교(same/prev/next year); ONGOING=이전에 시작한 지속 제도, 종료일 미기록",DERIVED (temporal alignment)
E059,GUSUN_1793PLUS,1793-05-27,EXACT_DAY,JUDICIAL_PROCEDURE,전 부사(府名 미상),IMPRISONED,JP002,GYUJANGGAK,POLITICS_PERSONNEL,규장각 설치,1776-09-25,MEDIUM,PERSISTENT_INSTITUTIONAL_CONTEXT,ONGOING_CONTEXT_STARTED_EARLIER,POLICY_BEFORE_EVENT,-200,CONTEMPORANEITY_ONLY (인과 주장 없음),"연도 필드 비교(same/prev/next year); ONGOING=이전에 시작한 지속 제도, 종료일 미기록",DERIVED (temporal alignment)
E059,GUSUN_1793PLUS,1793-05-27,EXACT_DAY,JUDICIAL_PROCEDURE,전 부사(府名 미상),IMPRISONED,JP003,SEOEOL_HUTONG,SOCIAL_STATUS_PERSONNEL,정유절목 마련,1777-03-21,LOW,PERSISTENT_INSTITUTIONAL_CONTEXT,ONGOING_CONTEXT_STARTED_EARLIER,POLICY_BEFORE_EVENT,-194,CONTEMPORANEITY_ONLY (인과 주장 없음),"연도 필드 비교(same/prev/next year); ONGOING=이전에 시작한 지속 제도, 종료일 미기록",DERIVED (temporal alignment)
E059,GUSUN_1793PLUS,1793-05-27,EXACT_DAY,JUDICIAL_PROCEDURE,전 부사(府名 미상),IMPRISONED,JP004,HEUMHYUL,LEGAL_JUSTICE,『흠휼전칙』 성립,1778-01-12,HIGH,PERSISTENT_INSTITUTIONAL_CONTEXT,ONGOING_CONTEXT_STARTED_EARLIER,POLICY_BEFORE_EVENT,-184,CONTEMPORANEITY_ONLY (인과 주장 없음),"연도 필드 비교(same/prev/next year); ONGOING=이전에 시작한 지속 제도, 종료일 미기록",DERIVED (temporal alignment)
E059,GUSUN_1793PLUS,1793-05-27,EXACT_DAY,JUDICIAL_PROCEDURE,전 부사(府名 미상),IMPRISONED,JP005,GYUJANGGAK,POLITICS_PERSONNEL,검서관 설치,1779-03-27,LOW,PERSISTENT_INSTITUTIONAL_CONTEXT,ONGOING_CONTEXT_STARTED_EARLIER,POLICY_BEFORE_EVENT,-170,CONTEMPORANEITY_ONLY (인과 주장 없음),"연도 필드 비교(same/prev/next year); ONGOING=이전에 시작한 지속 제도, 종료일 미기록",DERIVED (temporal alignment)
E059,GUSUN_1793PLUS,1793-05-27,EXACT_DAY,JUDICIAL_PROCEDURE,전 부사(府名 미상),IMPRISONED,JP006,CHOGYE,POLITICS_PERSONNEL,초계문신 선발 지시,1781-02-17,LOW,PERSISTENT_INSTITUTIONAL_CONTEXT,ONGOING_CONTEXT_STARTED_EARLIER,POLICY_BEFORE_EVENT,-147,CONTEMPORANEITY_ONLY (인과 주장 없음),"연도 필드 비교(same/prev/next year); ONGOING=이전에 시작한 지속 제도, 종료일 미기록",DERIVED (temporal alignment)
E059,GUSUN_1793PLUS,1793-05-27,EXACT_DAY,JUDICIAL_PROCEDURE,전 부사(府名 미상),IMPRISONED,JP012,JANGYONG,MILITARY_DEFENSE,장용위 명명,1785-07-02,MEDIUM,PERSISTENT_INSTITUTIONAL_CONTEXT,ONGOING_CONTEXT_STARTED_EARLIER,POLICY_BEFORE_EVENT,-94,CONTEMPORANEITY_ONLY (인과 주장 없음),"연도 필드 비교(same/prev/next year); ONGOING=이전에 시작한 지속 제도, 종료일 미기록",DERIVED (temporal alignment)
E059,GUSUN_1793PLUS,1793-05-27,EXACT_DAY,JUDICIAL_PROCEDURE,전 부사(府名 미상),IMPRISONED,JP013,DAEJEON_TONGPYEON,LEGAL_JUSTICE,『대전통편』 완성·반포,1785-09-11,HIGH,PERSISTENT_INSTITUTIONAL_CONTEXT,ONGOING_CONTEXT_STARTED_EARLIER,POLICY_BEFORE_EVENT,-92,CONTEMPORANEITY_ONLY (인과 주장 없음),"연도 필드 비교(same/prev/next year); ONGOING=이전에 시작한 지속 제도, 종료일 미기록",DERIVED (temporal alignment)
E059,GUSUN_1793PLUS,1793-05-27,EXACT_DAY,JUDICIAL_PROCEDURE,전 부사(府名 미상),IMPRISONED,JP018,SINHAE_TONGGONG,ECONOMY_COMMERCE,신해통공 시행,1791-01-25,MEDIUM,PERSISTENT_INSTITUTIONAL_CONTEXT,ONGOING_CONTEXT_STARTED_EARLIER,POLICY_BEFORE_EVENT,-28,CONTEMPORANEITY_ONLY (인과 주장 없음),"연도 필드 비교(same/prev/next year); ONGOING=이전에 시작한 지속 제도, 종료일 미기록",DERIVED (temporal alignment)
E059,GUSUN_1793PLUS,1793-05-27,EXACT_DAY,JUDICIAL_PROCEDURE,전 부사(府名 미상),IMPRISONED,JP019,MUWONROK,LEGAL_JUSTICE,『증수무원록』 간행·반포 명령,1792-11-20,HIGH,PERSISTENT_INSTITUTIONAL_CONTEXT,PREVIOUS_YEAR,POLICY_BEFORE_EVENT,-6,CONTEMPORANEITY_ONLY (인과 주장 없음),"연도 필드 비교(same/prev/next year); ONGOING=이전에 시작한 지속 제도, 종료일 미기록",DERIVED (temporal alignment)
E059,GUSUN_1793PLUS,1793-05-27,EXACT_DAY,JUDICIAL_PROCEDURE,전 부사(府名 미상),IMPRISONED,JP020,JANGYONG,MILITARY_DEFENSE,화성 유수·장용외사 체계 정비,1793-01-12,MEDIUM,POINT_EVENT,SAME_YEAR,POLICY_BEFORE_EVENT,-4,CONTEMPORANEITY_ONLY (인과 주장 없음),"연도 필드 비교(same/prev/next year); ONGOING=이전에 시작한 지속 제도, 종료일 미기록",DERIVED (temporal alignment)
E059,GUSUN_1793PLUS,1793-05-27,EXACT_DAY,JUDICIAL_PROCEDURE,전 부사(府名 미상),IMPRISONED,JP021,HWASEONG,LOCAL_ADMIN_URBAN,수원성 축조 하명,1794-01-15,MEDIUM,POINT_EVENT,NEXT_YEAR,POLICY_AFTER_EVENT,8,CONTEMPORANEITY_ONLY (인과 주장 없음),"연도 필드 비교(same/prev/next year); ONGOING=이전에 시작한 지속 제도, 종료일 미기록",DERIVED (temporal alignment)
E060,GUSUN_1793PLUS,1793-06-13,EXACT_DAY,REEXAMINATION,전 부사(府名 미상),IMPRISONED,JP002,GYUJANGGAK,POLITICS_PERSONNEL,규장각 설치,1776-09-25,MEDIUM,PERSISTENT_INSTITUTIONAL_CONTEXT,ONGOING_CONTEXT_STARTED_EARLIER,POLICY_BEFORE_EVENT,-201,CONTEMPORANEITY_ONLY (인과 주장 없음),"연도 필드 비교(same/prev/next year); ONGOING=이전에 시작한 지속 제도, 종료일 미기록",DERIVED (temporal alignment)
E060,GUSUN_1793PLUS,1793-06-13,EXACT_DAY,REEXAMINATION,전 부사(府名 미상),IMPRISONED,JP003,SEOEOL_HUTONG,SOCIAL_STATUS_PERSONNEL,정유절목 마련,1777-03-21,LOW,PERSISTENT_INSTITUTIONAL_CONTEXT,ONGOING_CONTEXT_STARTED_EARLIER,POLICY_BEFORE_EVENT,-195,CONTEMPORANEITY_ONLY (인과 주장 없음),"연도 필드 비교(same/prev/next year); ONGOING=이전에 시작한 지속 제도, 종료일 미기록",DERIVED (temporal alignment)
E060,GUSUN_1793PLUS,1793-06-13,EXACT_DAY,REEXAMINATION,전 부사(府名 미상),IMPRISONED,JP004,HEUMHYUL,LEGAL_JUSTICE,『흠휼전칙』 성립,1778-01-12,HIGH,PERSISTENT_INSTITUTIONAL_CONTEXT,ONGOING_CONTEXT_STARTED_EARLIER,POLICY_BEFORE_EVENT,-185,CONTEMPORANEITY_ONLY (인과 주장 없음),"연도 필드 비교(same/prev/next year); ONGOING=이전에 시작한 지속 제도, 종료일 미기록",DERIVED (temporal alignment)
E060,GUSUN_1793PLUS,1793-06-13,EXACT_DAY,REEXAMINATION,전 부사(府名 미상),IMPRISONED,JP005,GYUJANGGAK,POLITICS_PERSONNEL,검서관 설치,1779-03-27,LOW,PERSISTENT_INSTITUTIONAL_CONTEXT,ONGOING_CONTEXT_STARTED_EARLIER,POLICY_BEFORE_EVENT,-171,CONTEMPORANEITY_ONLY (인과 주장 없음),"연도 필드 비교(same/prev/next year); ONGOING=이전에 시작한 지속 제도, 종료일 미기록",DERIVED (temporal alignment)
E060,GUSUN_1793PLUS,1793-06-13,EXACT_DAY,REEXAMINATION,전 부사(府名 미상),IMPRISONED,JP006,CHOGYE,POLITICS_PERSONNEL,초계문신 선발 지시,1781-02-17,LOW,PERSISTENT_INSTITUTIONAL_CONTEXT,ONGOING_CONTEXT_STARTED_EARLIER,POLICY_BEFORE_EVENT,-148,CONTEMPORANEITY_ONLY (인과 주장 없음),"연도 필드 비교(same/prev/next year); ONGOING=이전에 시작한 지속 제도, 종료일 미기록",DERIVED (temporal alignment)
E060,GUSUN_1793PLUS,1793-06-13,EXACT_DAY,REEXAMINATION,전 부사(府名 미상),IMPRISONED,JP012,JANGYONG,MILITARY_DEFENSE,장용위 명명,1785-07-02,MEDIUM,PERSISTENT_INSTITUTIONAL_CONTEXT,ONGOING_CONTEXT_STARTED_EARLIER,POLICY_BEFORE_EVENT,-95,CONTEMPORANEITY_ONLY (인과 주장 없음),"연도 필드 비교(same/prev/next year); ONGOING=이전에 시작한 지속 제도, 종료일 미기록",DERIVED (temporal alignment)
E060,GUSUN_1793PLUS,1793-06-13,EXACT_DAY,REEXAMINATION,전 부사(府名 미상),IMPRISONED,JP013,DAEJEON_TONGPYEON,LEGAL_JUSTICE,『대전통편』 완성·반포,1785-09-11,HIGH,PERSISTENT_INSTITUTIONAL_CONTEXT,ONGOING_CONTEXT_STARTED_EARLIER,POLICY_BEFORE_EVENT,-93,CONTEMPORANEITY_ONLY (인과 주장 없음),"연도 필드 비교(same/prev/next year); ONGOING=이전에 시작한 지속 제도, 종료일 미기록",DERIVED (temporal alignment)
E060,GUSUN_1793PLUS,1793-06-13,EXACT_DAY,REEXAMINATION,전 부사(府名 미상),IMPRISONED,JP018,SINHAE_TONGGONG,ECONOMY_COMMERCE,신해통공 시행,1791-01-25,MEDIUM,PERSISTENT_INSTITUTIONAL_CONTEXT,ONGOING_CONTEXT_STARTED_EARLIER,POLICY_BEFORE_EVENT,-29,CONTEMPORANEITY_ONLY (인과 주장 없음),"연도 필드 비교(same/prev/next year); ONGOING=이전에 시작한 지속 제도, 종료일 미기록",DERIVED (temporal alignment)
E060,GUSUN_1793PLUS,1793-06-13,EXACT_DAY,REEXAMINATION,전 부사(府名 미상),IMPRISONED,JP019,MUWONROK,LEGAL_JUSTICE,『증수무원록』 간행·반포 명령,1792-11-20,HIGH,PERSISTENT_INSTITUTIONAL_CONTEXT,PREVIOUS_YEAR,POLICY_BEFORE_EVENT,-7,CONTEMPORANEITY_ONLY (인과 주장 없음),"연도 필드 비교(same/prev/next year); ONGOING=이전에 시작한 지속 제도, 종료일 미기록",DERIVED (temporal alignment)
E060,GUSUN_1793PLUS,1793-06-13,EXACT_DAY,REEXAMINATION,전 부사(府名 미상),IMPRISONED,JP020,JANGYONG,MILITARY_DEFENSE,화성 유수·장용외사 체계 정비,1793-01-12,MEDIUM,POINT_EVENT,SAME_YEAR,POLICY_BEFORE_EVENT,-5,CONTEMPORANEITY_ONLY (인과 주장 없음),"연도 필드 비교(same/prev/next year); ONGOING=이전에 시작한 지속 제도, 종료일 미기록",DERIVED (temporal alignment)
E060,GUSUN_1793PLUS,1793-06-13,EXACT_DAY,REEXAMINATION,전 부사(府名 미상),IMPRISONED,JP021,HWASEONG,LOCAL_ADMIN_URBAN,수원성 축조 하명,1794-01-15,MEDIUM,POINT_EVENT,NEXT_YEAR,POLICY_AFTER_EVENT,7,CONTEMPORANEITY_ONLY (인과 주장 없음),"연도 필드 비교(same/prev/next year); ONGOING=이전에 시작한 지속 제도, 종료일 미기록",DERIVED (temporal alignment)
E061,GUSUN_1793PLUS,1793-06-13,EXACT_DAY,TESTIMONY,전 부사(府名 미상),FORMER_OFFICIAL,JP002,GYUJANGGAK,POLITICS_PERSONNEL,규장각 설치,1776-09-25,MEDIUM,PERSISTENT_INSTITUTIONAL_CONTEXT,ONGOING_CONTEXT_STARTED_EARLIER,POLICY_BEFORE_EVENT,-201,CONTEMPORANEITY_ONLY (인과 주장 없음),"연도 필드 비교(same/prev/next year); ONGOING=이전에 시작한 지속 제도, 종료일 미기록",DERIVED (temporal alignment)
E061,GUSUN_1793PLUS,1793-06-13,EXACT_DAY,TESTIMONY,전 부사(府名 미상),FORMER_OFFICIAL,JP003,SEOEOL_HUTONG,SOCIAL_STATUS_PERSONNEL,정유절목 마련,1777-03-21,LOW,PERSISTENT_INSTITUTIONAL_CONTEXT,ONGOING_CONTEXT_STARTED_EARLIER,POLICY_BEFORE_EVENT,-195,CONTEMPORANEITY_ONLY (인과 주장 없음),"연도 필드 비교(same/prev/next year); ONGOING=이전에 시작한 지속 제도, 종료일 미기록",DERIVED (temporal alignment)
E061,GUSUN_1793PLUS,1793-06-13,EXACT_DAY,TESTIMONY,전 부사(府名 미상),FORMER_OFFICIAL,JP004,HEUMHYUL,LEGAL_JUSTICE,『흠휼전칙』 성립,1778-01-12,HIGH,PERSISTENT_INSTITUTIONAL_CONTEXT,ONGOING_CONTEXT_STARTED_EARLIER,POLICY_BEFORE_EVENT,-185,CONTEMPORANEITY_ONLY (인과 주장 없음),"연도 필드 비교(same/prev/next year); ONGOING=이전에 시작한 지속 제도, 종료일 미기록",DERIVED (temporal alignment)
E061,GUSUN_1793PLUS,1793-06-13,EXACT_DAY,TESTIMONY,전 부사(府名 미상),FORMER_OFFICIAL,JP005,GYUJANGGAK,POLITICS_PERSONNEL,검서관 설치,1779-03-27,LOW,PERSISTENT_INSTITUTIONAL_CONTEXT,ONGOING_CONTEXT_STARTED_EARLIER,POLICY_BEFORE_EVENT,-171,CONTEMPORANEITY_ONLY (인과 주장 없음),"연도 필드 비교(same/prev/next year); ONGOING=이전에 시작한 지속 제도, 종료일 미기록",DERIVED (temporal alignment)
E061,GUSUN_1793PLUS,1793-06-13,EXACT_DAY,TESTIMONY,전 부사(府名 미상),FORMER_OFFICIAL,JP006,CHOGYE,POLITICS_PERSONNEL,초계문신 선발 지시,1781-02-17,LOW,PERSISTENT_INSTITUTIONAL_CONTEXT,ONGOING_CONTEXT_STARTED_EARLIER,POLICY_BEFORE_EVENT,-148,CONTEMPORANEITY_ONLY (인과 주장 없음),"연도 필드 비교(same/prev/next year); ONGOING=이전에 시작한 지속 제도, 종료일 미기록",DERIVED (temporal alignment)
E061,GUSUN_1793PLUS,1793-06-13,EXACT_DAY,TESTIMONY,전 부사(府名 미상),FORMER_OFFICIAL,JP012,JANGYONG,MILITARY_DEFENSE,장용위 명명,1785-07-02,MEDIUM,PERSISTENT_INSTITUTIONAL_CONTEXT,ONGOING_CONTEXT_STARTED_EARLIER,POLICY_BEFORE_EVENT,-95,CONTEMPORANEITY_ONLY (인과 주장 없음),"연도 필드 비교(same/prev/next year); ONGOING=이전에 시작한 지속 제도, 종료일 미기록",DERIVED (temporal alignment)
E061,GUSUN_1793PLUS,1793-06-13,EXACT_DAY,TESTIMONY,전 부사(府名 미상),FORMER_OFFICIAL,JP013,DAEJEON_TONGPYEON,LEGAL_JUSTICE,『대전통편』 완성·반포,1785-09-11,HIGH,PERSISTENT_INSTITUTIONAL_CONTEXT,ONGOING_CONTEXT_STARTED_EARLIER,POLICY_BEFORE_EVENT,-93,CONTEMPORANEITY_ONLY (인과 주장 없음),"연도 필드 비교(same/prev/next year); ONGOING=이전에 시작한 지속 제도, 종료일 미기록",DERIVED (temporal alignment)
E061,GUSUN_1793PLUS,1793-06-13,EXACT_DAY,TESTIMONY,전 부사(府名 미상),FORMER_OFFICIAL,JP018,SINHAE_TONGGONG,ECONOMY_COMMERCE,신해통공 시행,1791-01-25,MEDIUM,PERSISTENT_INSTITUTIONAL_CONTEXT,ONGOING_CONTEXT_STARTED_EARLIER,POLICY_BEFORE_EVENT,-29,CONTEMPORANEITY_ONLY (인과 주장 없음),"연도 필드 비교(same/prev/next year); ONGOING=이전에 시작한 지속 제도, 종료일 미기록",DERIVED (temporal alignment)
E061,GUSUN_1793PLUS,1793-06-13,EXACT_DAY,TESTIMONY,전 부사(府名 미상),FORMER_OFFICIAL,JP019,MUWONROK,LEGAL_JUSTICE,『증수무원록』 간행·반포 명령,1792-11-20,HIGH,PERSISTENT_INSTITUTIONAL_CONTEXT,PREVIOUS_YEAR,POLICY_BEFORE_EVENT,-7,CONTEMPORANEITY_ONLY (인과 주장 없음),"연도 필드 비교(same/prev/next year); ONGOING=이전에 시작한 지속 제도, 종료일 미기록",DERIVED (temporal alignment)
E061,GUSUN_1793PLUS,1793-06-13,EXACT_DAY,TESTIMONY,전 부사(府名 미상),FORMER_OFFICIAL,JP020,JANGYONG,MILITARY_DEFENSE,화성 유수·장용외사 체계 정비,1793-01-12,MEDIUM,POINT_EVENT,SAME_YEAR,POLICY_BEFORE_EVENT,-5,CONTEMPORANEITY_ONLY (인과 주장 없음),"연도 필드 비교(same/prev/next year); ONGOING=이전에 시작한 지속 제도, 종료일 미기록",DERIVED (temporal alignment)
E061,GUSUN_1793PLUS,1793-06-13,EXACT_DAY,TESTIMONY,전 부사(府名 미상),FORMER_OFFICIAL,JP021,HWASEONG,LOCAL_ADMIN_URBAN,수원성 축조 하명,1794-01-15,MEDIUM,POINT_EVENT,NEXT_YEAR,POLICY_AFTER_EVENT,7,CONTEMPORANEITY_ONLY (인과 주장 없음),"연도 필드 비교(same/prev/next year); ONGOING=이전에 시작한 지속 제도, 종료일 미기록",DERIVED (temporal alignment)
E063,GUSUN_1793PLUS,1793-06-13,EXACT_DAY,INTERPERSONAL_RELATION_STATE,전 부사(府名 미상),FORMER_OFFICIAL,JP002,GYUJANGGAK,POLITICS_PERSONNEL,규장각 설치,1776-09-25,MEDIUM,PERSISTENT_INSTITUTIONAL_CONTEXT,ONGOING_CONTEXT_STARTED_EARLIER,POLICY_BEFORE_EVENT,-201,CONTEMPORANEITY_ONLY (인과 주장 없음),"연도 필드 비교(same/prev/next year); ONGOING=이전에 시작한 지속 제도, 종료일 미기록",DERIVED (temporal alignment)
E063,GUSUN_1793PLUS,1793-06-13,EXACT_DAY,INTERPERSONAL_RELATION_STATE,전 부사(府名 미상),FORMER_OFFICIAL,JP003,SEOEOL_HUTONG,SOCIAL_STATUS_PERSONNEL,정유절목 마련,1777-03-21,LOW,PERSISTENT_INSTITUTIONAL_CONTEXT,ONGOING_CONTEXT_STARTED_EARLIER,POLICY_BEFORE_EVENT,-195,CONTEMPORANEITY_ONLY (인과 주장 없음),"연도 필드 비교(same/prev/next year); ONGOING=이전에 시작한 지속 제도, 종료일 미기록",DERIVED (temporal alignment)
E063,GUSUN_1793PLUS,1793-06-13,EXACT_DAY,INTERPERSONAL_RELATION_STATE,전 부사(府名 미상),FORMER_OFFICIAL,JP004,HEUMHYUL,LEGAL_JUSTICE,『흠휼전칙』 성립,1778-01-12,HIGH,PERSISTENT_INSTITUTIONAL_CONTEXT,ONGOING_CONTEXT_STARTED_EARLIER,POLICY_BEFORE_EVENT,-185,CONTEMPORANEITY_ONLY (인과 주장 없음),"연도 필드 비교(same/prev/next year); ONGOING=이전에 시작한 지속 제도, 종료일 미기록",DERIVED (temporal alignment)
E063,GUSUN_1793PLUS,1793-06-13,EXACT_DAY,INTERPERSONAL_RELATION_STATE,전 부사(府名 미상),FORMER_OFFICIAL,JP005,GYUJANGGAK,POLITICS_PERSONNEL,검서관 설치,1779-03-27,LOW,PERSISTENT_INSTITUTIONAL_CONTEXT,ONGOING_CONTEXT_STARTED_EARLIER,POLICY_BEFORE_EVENT,-171,CONTEMPORANEITY_ONLY (인과 주장 없음),"연도 필드 비교(same/prev/next year); ONGOING=이전에 시작한 지속 제도, 종료일 미기록",DERIVED (temporal alignment)
E063,GUSUN_1793PLUS,1793-06-13,EXACT_DAY,INTERPERSONAL_RELATION_STATE,전 부사(府名 미상),FORMER_OFFICIAL,JP006,CHOGYE,POLITICS_PERSONNEL,초계문신 선발 지시,1781-02-17,LOW,PERSISTENT_INSTITUTIONAL_CONTEXT,ONGOING_CONTEXT_STARTED_EARLIER,POLICY_BEFORE_EVENT,-148,CONTEMPORANEITY_ONLY (인과 주장 없음),"연도 필드 비교(same/prev/next year); ONGOING=이전에 시작한 지속 제도, 종료일 미기록",DERIVED (temporal alignment)
E063,GUSUN_1793PLUS,1793-06-13,EXACT_DAY,INTERPERSONAL_RELATION_STATE,전 부사(府名 미상),FORMER_OFFICIAL,JP012,JANGYONG,MILITARY_DEFENSE,장용위 명명,1785-07-02,MEDIUM,PERSISTENT_INSTITUTIONAL_CONTEXT,ONGOING_CONTEXT_STARTED_EARLIER,POLICY_BEFORE_EVENT,-95,CONTEMPORANEITY_ONLY (인과 주장 없음),"연도 필드 비교(same/prev/next year); ONGOING=이전에 시작한 지속 제도, 종료일 미기록",DERIVED (temporal alignment)
E063,GUSUN_1793PLUS,1793-06-13,EXACT_DAY,INTERPERSONAL_RELATION_STATE,전 부사(府名 미상),FORMER_OFFICIAL,JP013,DAEJEON_TONGPYEON,LEGAL_JUSTICE,『대전통편』 완성·반포,1785-09-11,HIGH,PERSISTENT_INSTITUTIONAL_CONTEXT,ONGOING_CONTEXT_STARTED_EARLIER,POLICY_BEFORE_EVENT,-93,CONTEMPORANEITY_ONLY (인과 주장 없음),"연도 필드 비교(same/prev/next year); ONGOING=이전에 시작한 지속 제도, 종료일 미기록",DERIVED (temporal alignment)
E063,GUSUN_1793PLUS,1793-06-13,EXACT_DAY,INTERPERSONAL_RELATION_STATE,전 부사(府名 미상),FORMER_OFFICIAL,JP018,SINHAE_TONGGONG,ECONOMY_COMMERCE,신해통공 시행,1791-01-25,MEDIUM,PERSISTENT_INSTITUTIONAL_CONTEXT,ONGOING_CONTEXT_STARTED_EARLIER,POLICY_BEFORE_EVENT,-29,CONTEMPORANEITY_ONLY (인과 주장 없음),"연도 필드 비교(same/prev/next year); ONGOING=이전에 시작한 지속 제도, 종료일 미기록",DERIVED (temporal alignment)
E063,GUSUN_1793PLUS,1793-06-13,EXACT_DAY,INTERPERSONAL_RELATION_STATE,전 부사(府名 미상),FORMER_OFFICIAL,JP019,MUWONROK,LEGAL_JUSTICE,『증수무원록』 간행·반포 명령,1792-11-20,HIGH,PERSISTENT_INSTITUTIONAL_CONTEXT,PREVIOUS_YEAR,POLICY_BEFORE_EVENT,-7,CONTEMPORANEITY_ONLY (인과 주장 없음),"연도 필드 비교(same/prev/next year); ONGOING=이전에 시작한 지속 제도, 종료일 미기록",DERIVED (temporal alignment)
E063,GUSUN_1793PLUS,1793-06-13,EXACT_DAY,INTERPERSONAL_RELATION_STATE,전 부사(府名 미상),FORMER_OFFICIAL,JP020,JANGYONG,MILITARY_DEFENSE,화성 유수·장용외사 체계 정비,1793-01-12,MEDIUM,POINT_EVENT,SAME_YEAR,POLICY_BEFORE_EVENT,-5,CONTEMPORANEITY_ONLY (인과 주장 없음),"연도 필드 비교(same/prev/next year); ONGOING=이전에 시작한 지속 제도, 종료일 미기록",DERIVED (temporal alignment)
E063,GUSUN_1793PLUS,1793-06-13,EXACT_DAY,INTERPERSONAL_RELATION_STATE,전 부사(府名 미상),FORMER_OFFICIAL,JP021,HWASEONG,LOCAL_ADMIN_URBAN,수원성 축조 하명,1794-01-15,MEDIUM,POINT_EVENT,NEXT_YEAR,POLICY_AFTER_EVENT,7,CONTEMPORANEITY_ONLY (인과 주장 없음),"연도 필드 비교(same/prev/next year); ONGOING=이전에 시작한 지속 제도, 종료일 미기록",DERIVED (temporal alignment)
E066,GUSUN_1793PLUS,1793-06-13,EXACT_DAY,PUNISHMENT_SENTENCE,NA,IMPRISONED,JP002,GYUJANGGAK,POLITICS_PERSONNEL,규장각 설치,1776-09-25,MEDIUM,PERSISTENT_INSTITUTIONAL_CONTEXT,ONGOING_CONTEXT_STARTED_EARLIER,POLICY_BEFORE_EVENT,-201,CONTEMPORANEITY_ONLY (인과 주장 없음),"연도 필드 비교(same/prev/next year); ONGOING=이전에 시작한 지속 제도, 종료일 미기록",DERIVED (temporal alignment)
E066,GUSUN_1793PLUS,1793-06-13,EXACT_DAY,PUNISHMENT_SENTENCE,NA,IMPRISONED,JP003,SEOEOL_HUTONG,SOCIAL_STATUS_PERSONNEL,정유절목 마련,1777-03-21,LOW,PERSISTENT_INSTITUTIONAL_CONTEXT,ONGOING_CONTEXT_STARTED_EARLIER,POLICY_BEFORE_EVENT,-195,CONTEMPORANEITY_ONLY (인과 주장 없음),"연도 필드 비교(same/prev/next year); ONGOING=이전에 시작한 지속 제도, 종료일 미기록",DERIVED (temporal alignment)
E066,GUSUN_1793PLUS,1793-06-13,EXACT_DAY,PUNISHMENT_SENTENCE,NA,IMPRISONED,JP004,HEUMHYUL,LEGAL_JUSTICE,『흠휼전칙』 성립,1778-01-12,HIGH,PERSISTENT_INSTITUTIONAL_CONTEXT,ONGOING_CONTEXT_STARTED_EARLIER,POLICY_BEFORE_EVENT,-185,CONTEMPORANEITY_ONLY (인과 주장 없음),"연도 필드 비교(same/prev/next year); ONGOING=이전에 시작한 지속 제도, 종료일 미기록",DERIVED (temporal alignment)
E066,GUSUN_1793PLUS,1793-06-13,EXACT_DAY,PUNISHMENT_SENTENCE,NA,IMPRISONED,JP005,GYUJANGGAK,POLITICS_PERSONNEL,검서관 설치,1779-03-27,LOW,PERSISTENT_INSTITUTIONAL_CONTEXT,ONGOING_CONTEXT_STARTED_EARLIER,POLICY_BEFORE_EVENT,-171,CONTEMPORANEITY_ONLY (인과 주장 없음),"연도 필드 비교(same/prev/next year); ONGOING=이전에 시작한 지속 제도, 종료일 미기록",DERIVED (temporal alignment)
E066,GUSUN_1793PLUS,1793-06-13,EXACT_DAY,PUNISHMENT_SENTENCE,NA,IMPRISONED,JP006,CHOGYE,POLITICS_PERSONNEL,초계문신 선발 지시,1781-02-17,LOW,PERSISTENT_INSTITUTIONAL_CONTEXT,ONGOING_CONTEXT_STARTED_EARLIER,POLICY_BEFORE_EVENT,-148,CONTEMPORANEITY_ONLY (인과 주장 없음),"연도 필드 비교(same/prev/next year); ONGOING=이전에 시작한 지속 제도, 종료일 미기록",DERIVED (temporal alignment)
E066,GUSUN_1793PLUS,1793-06-13,EXACT_DAY,PUNISHMENT_SENTENCE,NA,IMPRISONED,JP012,JANGYONG,MILITARY_DEFENSE,장용위 명명,1785-07-02,MEDIUM,PERSISTENT_INSTITUTIONAL_CONTEXT,ONGOING_CONTEXT_STARTED_EARLIER,POLICY_BEFORE_EVENT,-95,CONTEMPORANEITY_ONLY (인과 주장 없음),"연도 필드 비교(same/prev/next year); ONGOING=이전에 시작한 지속 제도, 종료일 미기록",DERIVED (temporal alignment)
E066,GUSUN_1793PLUS,1793-06-13,EXACT_DAY,PUNISHMENT_SENTENCE,NA,IMPRISONED,JP013,DAEJEON_TONGPYEON,LEGAL_JUSTICE,『대전통편』 완성·반포,1785-09-11,HIGH,PERSISTENT_INSTITUTIONAL_CONTEXT,ONGOING_CONTEXT_STARTED_EARLIER,POLICY_BEFORE_EVENT,-93,CONTEMPORANEITY_ONLY (인과 주장 없음),"연도 필드 비교(same/prev/next year); ONGOING=이전에 시작한 지속 제도, 종료일 미기록",DERIVED (temporal alignment)
E066,GUSUN_1793PLUS,1793-06-13,EXACT_DAY,PUNISHMENT_SENTENCE,NA,IMPRISONED,JP018,SINHAE_TONGGONG,ECONOMY_COMMERCE,신해통공 시행,1791-01-25,MEDIUM,PERSISTENT_INSTITUTIONAL_CONTEXT,ONGOING_CONTEXT_STARTED_EARLIER,POLICY_BEFORE_EVENT,-29,CONTEMPORANEITY_ONLY (인과 주장 없음),"연도 필드 비교(same/prev/next year); ONGOING=이전에 시작한 지속 제도, 종료일 미기록",DERIVED (temporal alignment)
E066,GUSUN_1793PLUS,1793-06-13,EXACT_DAY,PUNISHMENT_SENTENCE,NA,IMPRISONED,JP019,MUWONROK,LEGAL_JUSTICE,『증수무원록』 간행·반포 명령,1792-11-20,HIGH,PERSISTENT_INSTITUTIONAL_CONTEXT,PREVIOUS_YEAR,POLICY_BEFORE_EVENT,-7,CONTEMPORANEITY_ONLY (인과 주장 없음),"연도 필드 비교(same/prev/next year); ONGOING=이전에 시작한 지속 제도, 종료일 미기록",DERIVED (temporal alignment)
E066,GUSUN_1793PLUS,1793-06-13,EXACT_DAY,PUNISHMENT_SENTENCE,NA,IMPRISONED,JP020,JANGYONG,MILITARY_DEFENSE,화성 유수·장용외사 체계 정비,1793-01-12,MEDIUM,POINT_EVENT,SAME_YEAR,POLICY_BEFORE_EVENT,-5,CONTEMPORANEITY_ONLY (인과 주장 없음),"연도 필드 비교(same/prev/next year); ONGOING=이전에 시작한 지속 제도, 종료일 미기록",DERIVED (temporal alignment)
E066,GUSUN_1793PLUS,1793-06-13,EXACT_DAY,PUNISHMENT_SENTENCE,NA,IMPRISONED,JP021,HWASEONG,LOCAL_ADMIN_URBAN,수원성 축조 하명,1794-01-15,MEDIUM,POINT_EVENT,NEXT_YEAR,POLICY_AFTER_EVENT,7,CONTEMPORANEITY_ONLY (인과 주장 없음),"연도 필드 비교(same/prev/next year); ONGOING=이전에 시작한 지속 제도, 종료일 미기록",DERIVED (temporal alignment)
E076,GUSUN_1793PLUS,1794-10-15,EXACT_DAY,EXILE_TRANSFER,NA,EXILED,JP002,GYUJANGGAK,POLITICS_PERSONNEL,규장각 설치,1776-09-25,MEDIUM,PERSISTENT_INSTITUTIONAL_CONTEXT,ONGOING_CONTEXT_STARTED_EARLIER,POLICY_BEFORE_EVENT,-217,CONTEMPORANEITY_ONLY (인과 주장 없음),"연도 필드 비교(same/prev/next year); ONGOING=이전에 시작한 지속 제도, 종료일 미기록",DERIVED (temporal alignment)
E076,GUSUN_1793PLUS,1794-10-15,EXACT_DAY,EXILE_TRANSFER,NA,EXILED,JP003,SEOEOL_HUTONG,SOCIAL_STATUS_PERSONNEL,정유절목 마련,1777-03-21,LOW,PERSISTENT_INSTITUTIONAL_CONTEXT,ONGOING_CONTEXT_STARTED_EARLIER,POLICY_BEFORE_EVENT,-211,CONTEMPORANEITY_ONLY (인과 주장 없음),"연도 필드 비교(same/prev/next year); ONGOING=이전에 시작한 지속 제도, 종료일 미기록",DERIVED (temporal alignment)
E076,GUSUN_1793PLUS,1794-10-15,EXACT_DAY,EXILE_TRANSFER,NA,EXILED,JP004,HEUMHYUL,LEGAL_JUSTICE,『흠휼전칙』 성립,1778-01-12,HIGH,PERSISTENT_INSTITUTIONAL_CONTEXT,ONGOING_CONTEXT_STARTED_EARLIER,POLICY_BEFORE_EVENT,-201,CONTEMPORANEITY_ONLY (인과 주장 없음),"연도 필드 비교(same/prev/next year); ONGOING=이전에 시작한 지속 제도, 종료일 미기록",DERIVED (temporal alignment)
E076,GUSUN_1793PLUS,1794-10-15,EXACT_DAY,EXILE_TRANSFER,NA,EXILED,JP005,GYUJANGGAK,POLITICS_PERSONNEL,검서관 설치,1779-03-27,LOW,PERSISTENT_INSTITUTIONAL_CONTEXT,ONGOING_CONTEXT_STARTED_EARLIER,POLICY_BEFORE_EVENT,-187,CONTEMPORANEITY_ONLY (인과 주장 없음),"연도 필드 비교(same/prev/next year); ONGOING=이전에 시작한 지속 제도, 종료일 미기록",DERIVED (temporal alignment)
E076,GUSUN_1793PLUS,1794-10-15,EXACT_DAY,EXILE_TRANSFER,NA,EXILED,JP006,CHOGYE,POLITICS_PERSONNEL,초계문신 선발 지시,1781-02-17,LOW,PERSISTENT_INSTITUTIONAL_CONTEXT,ONGOING_CONTEXT_STARTED_EARLIER,POLICY_BEFORE_EVENT,-164,CONTEMPORANEITY_ONLY (인과 주장 없음),"연도 필드 비교(same/prev/next year); ONGOING=이전에 시작한 지속 제도, 종료일 미기록",DERIVED (temporal alignment)
E076,GUSUN_1793PLUS,1794-10-15,EXACT_DAY,EXILE_TRANSFER,NA,EXILED,JP012,JANGYONG,MILITARY_DEFENSE,장용위 명명,1785-07-02,MEDIUM,PERSISTENT_INSTITUTIONAL_CONTEXT,ONGOING_CONTEXT_STARTED_EARLIER,POLICY_BEFORE_EVENT,-111,CONTEMPORANEITY_ONLY (인과 주장 없음),"연도 필드 비교(same/prev/next year); ONGOING=이전에 시작한 지속 제도, 종료일 미기록",DERIVED (temporal alignment)
E076,GUSUN_1793PLUS,1794-10-15,EXACT_DAY,EXILE_TRANSFER,NA,EXILED,JP013,DAEJEON_TONGPYEON,LEGAL_JUSTICE,『대전통편』 완성·반포,1785-09-11,HIGH,PERSISTENT_INSTITUTIONAL_CONTEXT,ONGOING_CONTEXT_STARTED_EARLIER,POLICY_BEFORE_EVENT,-109,CONTEMPORANEITY_ONLY (인과 주장 없음),"연도 필드 비교(same/prev/next year); ONGOING=이전에 시작한 지속 제도, 종료일 미기록",DERIVED (temporal alignment)
E076,GUSUN_1793PLUS,1794-10-15,EXACT_DAY,EXILE_TRANSFER,NA,EXILED,JP018,SINHAE_TONGGONG,ECONOMY_COMMERCE,신해통공 시행,1791-01-25,MEDIUM,PERSISTENT_INSTITUTIONAL_CONTEXT,ONGOING_CONTEXT_STARTED_EARLIER,POLICY_BEFORE_EVENT,-45,CONTEMPORANEITY_ONLY (인과 주장 없음),"연도 필드 비교(same/prev/next year); ONGOING=이전에 시작한 지속 제도, 종료일 미기록",DERIVED (temporal alignment)
E076,GUSUN_1793PLUS,1794-10-15,EXACT_DAY,EXILE_TRANSFER,NA,EXILED,JP019,MUWONROK,LEGAL_JUSTICE,『증수무원록』 간행·반포 명령,1792-11-20,HIGH,PERSISTENT_INSTITUTIONAL_CONTEXT,ONGOING_CONTEXT_STARTED_EARLIER,POLICY_BEFORE_EVENT,-23,CONTEMPORANEITY_ONLY (인과 주장 없음),"연도 필드 비교(same/prev/next year); ONGOING=이전에 시작한 지속 제도, 종료일 미기록",DERIVED (temporal alignment)
E076,GUSUN_1793PLUS,1794-10-15,EXACT_DAY,EXILE_TRANSFER,NA,EXILED,JP020,JANGYONG,MILITARY_DEFENSE,화성 유수·장용외사 체계 정비,1793-01-12,MEDIUM,POINT_EVENT,PREVIOUS_YEAR,POLICY_BEFORE_EVENT,-21,CONTEMPORANEITY_ONLY (인과 주장 없음),"연도 필드 비교(same/prev/next year); ONGOING=이전에 시작한 지속 제도, 종료일 미기록",DERIVED (temporal alignment)
E076,GUSUN_1793PLUS,1794-10-15,EXACT_DAY,EXILE_TRANSFER,NA,EXILED,JP021,HWASEONG,LOCAL_ADMIN_URBAN,수원성 축조 하명,1794-01-15,MEDIUM,POINT_EVENT,SAME_YEAR,POLICY_BEFORE_EVENT,-9,CONTEMPORANEITY_ONLY (인과 주장 없음),"연도 필드 비교(same/prev/next year); ONGOING=이전에 시작한 지속 제도, 종료일 미기록",DERIVED (temporal alignment)
E080,GUSUN_1793PLUS,1798-02-21,EXACT_DAY,OFFICIAL_REPORT,NA,EXILED,JP002,GYUJANGGAK,POLITICS_PERSONNEL,규장각 설치,1776-09-25,MEDIUM,PERSISTENT_INSTITUTIONAL_CONTEXT,ONGOING_CONTEXT_STARTED_EARLIER,POLICY_BEFORE_EVENT,-257,CONTEMPORANEITY_ONLY (인과 주장 없음),"연도 필드 비교(same/prev/next year); ONGOING=이전에 시작한 지속 제도, 종료일 미기록",DERIVED (temporal alignment)
E080,GUSUN_1793PLUS,1798-02-21,EXACT_DAY,OFFICIAL_REPORT,NA,EXILED,JP003,SEOEOL_HUTONG,SOCIAL_STATUS_PERSONNEL,정유절목 마련,1777-03-21,LOW,PERSISTENT_INSTITUTIONAL_CONTEXT,ONGOING_CONTEXT_STARTED_EARLIER,POLICY_BEFORE_EVENT,-251,CONTEMPORANEITY_ONLY (인과 주장 없음),"연도 필드 비교(same/prev/next year); ONGOING=이전에 시작한 지속 제도, 종료일 미기록",DERIVED (temporal alignment)
E080,GUSUN_1793PLUS,1798-02-21,EXACT_DAY,OFFICIAL_REPORT,NA,EXILED,JP004,HEUMHYUL,LEGAL_JUSTICE,『흠휼전칙』 성립,1778-01-12,HIGH,PERSISTENT_INSTITUTIONAL_CONTEXT,ONGOING_CONTEXT_STARTED_EARLIER,POLICY_BEFORE_EVENT,-241,CONTEMPORANEITY_ONLY (인과 주장 없음),"연도 필드 비교(same/prev/next year); ONGOING=이전에 시작한 지속 제도, 종료일 미기록",DERIVED (temporal alignment)
E080,GUSUN_1793PLUS,1798-02-21,EXACT_DAY,OFFICIAL_REPORT,NA,EXILED,JP005,GYUJANGGAK,POLITICS_PERSONNEL,검서관 설치,1779-03-27,LOW,PERSISTENT_INSTITUTIONAL_CONTEXT,ONGOING_CONTEXT_STARTED_EARLIER,POLICY_BEFORE_EVENT,-227,CONTEMPORANEITY_ONLY (인과 주장 없음),"연도 필드 비교(same/prev/next year); ONGOING=이전에 시작한 지속 제도, 종료일 미기록",DERIVED (temporal alignment)
E080,GUSUN_1793PLUS,1798-02-21,EXACT_DAY,OFFICIAL_REPORT,NA,EXILED,JP006,CHOGYE,POLITICS_PERSONNEL,초계문신 선발 지시,1781-02-17,LOW,PERSISTENT_INSTITUTIONAL_CONTEXT,ONGOING_CONTEXT_STARTED_EARLIER,POLICY_BEFORE_EVENT,-204,CONTEMPORANEITY_ONLY (인과 주장 없음),"연도 필드 비교(same/prev/next year); ONGOING=이전에 시작한 지속 제도, 종료일 미기록",DERIVED (temporal alignment)
E080,GUSUN_1793PLUS,1798-02-21,EXACT_DAY,OFFICIAL_REPORT,NA,EXILED,JP012,JANGYONG,MILITARY_DEFENSE,장용위 명명,1785-07-02,MEDIUM,PERSISTENT_INSTITUTIONAL_CONTEXT,ONGOING_CONTEXT_STARTED_EARLIER,POLICY_BEFORE_EVENT,-151,CONTEMPORANEITY_ONLY (인과 주장 없음),"연도 필드 비교(same/prev/next year); ONGOING=이전에 시작한 지속 제도, 종료일 미기록",DERIVED (temporal alignment)
E080,GUSUN_1793PLUS,1798-02-21,EXACT_DAY,OFFICIAL_REPORT,NA,EXILED,JP013,DAEJEON_TONGPYEON,LEGAL_JUSTICE,『대전통편』 완성·반포,1785-09-11,HIGH,PERSISTENT_INSTITUTIONAL_CONTEXT,ONGOING_CONTEXT_STARTED_EARLIER,POLICY_BEFORE_EVENT,-149,CONTEMPORANEITY_ONLY (인과 주장 없음),"연도 필드 비교(same/prev/next year); ONGOING=이전에 시작한 지속 제도, 종료일 미기록",DERIVED (temporal alignment)
E080,GUSUN_1793PLUS,1798-02-21,EXACT_DAY,OFFICIAL_REPORT,NA,EXILED,JP018,SINHAE_TONGGONG,ECONOMY_COMMERCE,신해통공 시행,1791-01-25,MEDIUM,PERSISTENT_INSTITUTIONAL_CONTEXT,ONGOING_CONTEXT_STARTED_EARLIER,POLICY_BEFORE_EVENT,-85,CONTEMPORANEITY_ONLY (인과 주장 없음),"연도 필드 비교(same/prev/next year); ONGOING=이전에 시작한 지속 제도, 종료일 미기록",DERIVED (temporal alignment)
E080,GUSUN_1793PLUS,1798-02-21,EXACT_DAY,OFFICIAL_REPORT,NA,EXILED,JP019,MUWONROK,LEGAL_JUSTICE,『증수무원록』 간행·반포 명령,1792-11-20,HIGH,PERSISTENT_INSTITUTIONAL_CONTEXT,ONGOING_CONTEXT_STARTED_EARLIER,POLICY_BEFORE_EVENT,-63,CONTEMPORANEITY_ONLY (인과 주장 없음),"연도 필드 비교(same/prev/next year); ONGOING=이전에 시작한 지속 제도, 종료일 미기록",DERIVED (temporal alignment)
E081,GUSUN_1793PLUS,1798-02-21,EXACT_DAY,JUDICIAL_PROCEDURE,NA,EXILED,JP002,GYUJANGGAK,POLITICS_PERSONNEL,규장각 설치,1776-09-25,MEDIUM,PERSISTENT_INSTITUTIONAL_CONTEXT,ONGOING_CONTEXT_STARTED_EARLIER,POLICY_BEFORE_EVENT,-257,CONTEMPORANEITY_ONLY (인과 주장 없음),"연도 필드 비교(same/prev/next year); ONGOING=이전에 시작한 지속 제도, 종료일 미기록",DERIVED (temporal alignment)
E081,GUSUN_1793PLUS,1798-02-21,EXACT_DAY,JUDICIAL_PROCEDURE,NA,EXILED,JP003,SEOEOL_HUTONG,SOCIAL_STATUS_PERSONNEL,정유절목 마련,1777-03-21,LOW,PERSISTENT_INSTITUTIONAL_CONTEXT,ONGOING_CONTEXT_STARTED_EARLIER,POLICY_BEFORE_EVENT,-251,CONTEMPORANEITY_ONLY (인과 주장 없음),"연도 필드 비교(same/prev/next year); ONGOING=이전에 시작한 지속 제도, 종료일 미기록",DERIVED (temporal alignment)
E081,GUSUN_1793PLUS,1798-02-21,EXACT_DAY,JUDICIAL_PROCEDURE,NA,EXILED,JP004,HEUMHYUL,LEGAL_JUSTICE,『흠휼전칙』 성립,1778-01-12,HIGH,PERSISTENT_INSTITUTIONAL_CONTEXT,ONGOING_CONTEXT_STARTED_EARLIER,POLICY_BEFORE_EVENT,-241,CONTEMPORANEITY_ONLY (인과 주장 없음),"연도 필드 비교(same/prev/next year); ONGOING=이전에 시작한 지속 제도, 종료일 미기록",DERIVED (temporal alignment)
E081,GUSUN_1793PLUS,1798-02-21,EXACT_DAY,JUDICIAL_PROCEDURE,NA,EXILED,JP005,GYUJANGGAK,POLITICS_PERSONNEL,검서관 설치,1779-03-27,LOW,PERSISTENT_INSTITUTIONAL_CONTEXT,ONGOING_CONTEXT_STARTED_EARLIER,POLICY_BEFORE_EVENT,-227,CONTEMPORANEITY_ONLY (인과 주장 없음),"연도 필드 비교(same/prev/next year); ONGOING=이전에 시작한 지속 제도, 종료일 미기록",DERIVED (temporal alignment)
E081,GUSUN_1793PLUS,1798-02-21,EXACT_DAY,JUDICIAL_PROCEDURE,NA,EXILED,JP006,CHOGYE,POLITICS_PERSONNEL,초계문신 선발 지시,1781-02-17,LOW,PERSISTENT_INSTITUTIONAL_CONTEXT,ONGOING_CONTEXT_STARTED_EARLIER,POLICY_BEFORE_EVENT,-204,CONTEMPORANEITY_ONLY (인과 주장 없음),"연도 필드 비교(same/prev/next year); ONGOING=이전에 시작한 지속 제도, 종료일 미기록",DERIVED (temporal alignment)
E081,GUSUN_1793PLUS,1798-02-21,EXACT_DAY,JUDICIAL_PROCEDURE,NA,EXILED,JP012,JANGYONG,MILITARY_DEFENSE,장용위 명명,1785-07-02,MEDIUM,PERSISTENT_INSTITUTIONAL_CONTEXT,ONGOING_CONTEXT_STARTED_EARLIER,POLICY_BEFORE_EVENT,-151,CONTEMPORANEITY_ONLY (인과 주장 없음),"연도 필드 비교(same/prev/next year); ONGOING=이전에 시작한 지속 제도, 종료일 미기록",DERIVED (temporal alignment)
E081,GUSUN_1793PLUS,1798-02-21,EXACT_DAY,JUDICIAL_PROCEDURE,NA,EXILED,JP013,DAEJEON_TONGPYEON,LEGAL_JUSTICE,『대전통편』 완성·반포,1785-09-11,HIGH,PERSISTENT_INSTITUTIONAL_CONTEXT,ONGOING_CONTEXT_STARTED_EARLIER,POLICY_BEFORE_EVENT,-149,CONTEMPORANEITY_ONLY (인과 주장 없음),"연도 필드 비교(same/prev/next year); ONGOING=이전에 시작한 지속 제도, 종료일 미기록",DERIVED (temporal alignment)
E081,GUSUN_1793PLUS,1798-02-21,EXACT_DAY,JUDICIAL_PROCEDURE,NA,EXILED,JP018,SINHAE_TONGGONG,ECONOMY_COMMERCE,신해통공 시행,1791-01-25,MEDIUM,PERSISTENT_INSTITUTIONAL_CONTEXT,ONGOING_CONTEXT_STARTED_EARLIER,POLICY_BEFORE_EVENT,-85,CONTEMPORANEITY_ONLY (인과 주장 없음),"연도 필드 비교(same/prev/next year); ONGOING=이전에 시작한 지속 제도, 종료일 미기록",DERIVED (temporal alignment)
E081,GUSUN_1793PLUS,1798-02-21,EXACT_DAY,JUDICIAL_PROCEDURE,NA,EXILED,JP019,MUWONROK,LEGAL_JUSTICE,『증수무원록』 간행·반포 명령,1792-11-20,HIGH,PERSISTENT_INSTITUTIONAL_CONTEXT,ONGOING_CONTEXT_STARTED_EARLIER,POLICY_BEFORE_EVENT,-63,CONTEMPORANEITY_ONLY (인과 주장 없음),"연도 필드 비교(same/prev/next year); ONGOING=이전에 시작한 지속 제도, 종료일 미기록",DERIVED (temporal alignment)
E082,GUSUN_1793PLUS,1798-02-21,EXACT_DAY,RELEASE,NA,EXILED,JP002,GYUJANGGAK,POLITICS_PERSONNEL,규장각 설치,1776-09-25,MEDIUM,PERSISTENT_INSTITUTIONAL_CONTEXT,ONGOING_CONTEXT_STARTED_EARLIER,POLICY_BEFORE_EVENT,-257,CONTEMPORANEITY_ONLY (인과 주장 없음),"연도 필드 비교(same/prev/next year); ONGOING=이전에 시작한 지속 제도, 종료일 미기록",DERIVED (temporal alignment)
E082,GUSUN_1793PLUS,1798-02-21,EXACT_DAY,RELEASE,NA,EXILED,JP003,SEOEOL_HUTONG,SOCIAL_STATUS_PERSONNEL,정유절목 마련,1777-03-21,LOW,PERSISTENT_INSTITUTIONAL_CONTEXT,ONGOING_CONTEXT_STARTED_EARLIER,POLICY_BEFORE_EVENT,-251,CONTEMPORANEITY_ONLY (인과 주장 없음),"연도 필드 비교(same/prev/next year); ONGOING=이전에 시작한 지속 제도, 종료일 미기록",DERIVED (temporal alignment)
E082,GUSUN_1793PLUS,1798-02-21,EXACT_DAY,RELEASE,NA,EXILED,JP004,HEUMHYUL,LEGAL_JUSTICE,『흠휼전칙』 성립,1778-01-12,HIGH,PERSISTENT_INSTITUTIONAL_CONTEXT,ONGOING_CONTEXT_STARTED_EARLIER,POLICY_BEFORE_EVENT,-241,CONTEMPORANEITY_ONLY (인과 주장 없음),"연도 필드 비교(same/prev/next year); ONGOING=이전에 시작한 지속 제도, 종료일 미기록",DERIVED (temporal alignment)
E082,GUSUN_1793PLUS,1798-02-21,EXACT_DAY,RELEASE,NA,EXILED,JP005,GYUJANGGAK,POLITICS_PERSONNEL,검서관 설치,1779-03-27,LOW,PERSISTENT_INSTITUTIONAL_CONTEXT,ONGOING_CONTEXT_STARTED_EARLIER,POLICY_BEFORE_EVENT,-227,CONTEMPORANEITY_ONLY (인과 주장 없음),"연도 필드 비교(same/prev/next year); ONGOING=이전에 시작한 지속 제도, 종료일 미기록",DERIVED (temporal alignment)
E082,GUSUN_1793PLUS,1798-02-21,EXACT_DAY,RELEASE,NA,EXILED,JP006,CHOGYE,POLITICS_PERSONNEL,초계문신 선발 지시,1781-02-17,LOW,PERSISTENT_INSTITUTIONAL_CONTEXT,ONGOING_CONTEXT_STARTED_EARLIER,POLICY_BEFORE_EVENT,-204,CONTEMPORANEITY_ONLY (인과 주장 없음),"연도 필드 비교(same/prev/next year); ONGOING=이전에 시작한 지속 제도, 종료일 미기록",DERIVED (temporal alignment)
E082,GUSUN_1793PLUS,1798-02-21,EXACT_DAY,RELEASE,NA,EXILED,JP012,JANGYONG,MILITARY_DEFENSE,장용위 명명,1785-07-02,MEDIUM,PERSISTENT_INSTITUTIONAL_CONTEXT,ONGOING_CONTEXT_STARTED_EARLIER,POLICY_BEFORE_EVENT,-151,CONTEMPORANEITY_ONLY (인과 주장 없음),"연도 필드 비교(same/prev/next year); ONGOING=이전에 시작한 지속 제도, 종료일 미기록",DERIVED (temporal alignment)
E082,GUSUN_1793PLUS,1798-02-21,EXACT_DAY,RELEASE,NA,EXILED,JP013,DAEJEON_TONGPYEON,LEGAL_JUSTICE,『대전통편』 완성·반포,1785-09-11,HIGH,PERSISTENT_INSTITUTIONAL_CONTEXT,ONGOING_CONTEXT_STARTED_EARLIER,POLICY_BEFORE_EVENT,-149,CONTEMPORANEITY_ONLY (인과 주장 없음),"연도 필드 비교(same/prev/next year); ONGOING=이전에 시작한 지속 제도, 종료일 미기록",DERIVED (temporal alignment)
E082,GUSUN_1793PLUS,1798-02-21,EXACT_DAY,RELEASE,NA,EXILED,JP018,SINHAE_TONGGONG,ECONOMY_COMMERCE,신해통공 시행,1791-01-25,MEDIUM,PERSISTENT_INSTITUTIONAL_CONTEXT,ONGOING_CONTEXT_STARTED_EARLIER,POLICY_BEFORE_EVENT,-85,CONTEMPORANEITY_ONLY (인과 주장 없음),"연도 필드 비교(same/prev/next year); ONGOING=이전에 시작한 지속 제도, 종료일 미기록",DERIVED (temporal alignment)
E082,GUSUN_1793PLUS,1798-02-21,EXACT_DAY,RELEASE,NA,EXILED,JP019,MUWONROK,LEGAL_JUSTICE,『증수무원록』 간행·반포 명령,1792-11-20,HIGH,PERSISTENT_INSTITUTIONAL_CONTEXT,ONGOING_CONTEXT_STARTED_EARLIER,POLICY_BEFORE_EVENT,-63,CONTEMPORANEITY_ONLY (인과 주장 없음),"연도 필드 비교(same/prev/next year); ONGOING=이전에 시작한 지속 제도, 종료일 미기록",DERIVED (temporal alignment)
